BPM SKU,eBay SKU
10PS-GM-F,10PS-GM-F
10PS-GM-K,10PS-GM-K
12PS-GM-CK,12PS-GM-CK
12PS-GM-K,12PS-GM-K
12PS-GM-T,12PS-GM-T
14PS-GM-CK,14PS-GM-CK
14PS-GM-Q,14PS-GM-Q
4GTMF,4GTMF
4GTMQ,4GTMQ
4GTMSQ,4GTMSQ
4GTMTXL,4GTMTXL
5ZMF-15FA,5ZMF-15FA
5ZMF-15QA,5ZMF-15QA
5ZMF-15SQA,5ZMF-15SQA
5ZMF-15TA,5ZMF-15TA
5ZMF-15TXLA,5ZMF-15TXLA
5ZMF-3FL,5ZMF-3FL
5ZMF-3KL,5ZMF-3KL
5ZMF-3QL,5ZMF-3QL
5ZMF-3TL,5ZMF-3TL
5ZMF-C3F,5ZMF-C3F
5ZMF-C3K,5ZMF-C3K
5ZMF-C3Q,5ZMF-C3Q
5ZMF-C3T,5ZMF-C3T
5ZMF-GM4F,5ZMF-GM4F
5ZMF-GM4K,5ZMF-GM4K
5ZMF-GM4Q,5ZMF-GM4Q
5ZMF-GM4SQ,5ZMF-GM4SQ
5ZMF-GM4T,5ZMF-GM4T
5ZMF-GM4TXL,5ZMF-GM4TXL
5ZMF-GT4F,5ZMF-GT4F
5ZMF-GT4K,5ZMF-GT4K
5ZMF-GT4Q,5ZMF-GT4Q
5ZMF-GT4SQ,5ZMF-GT4SQ
5ZMF-GT4T,5ZMF-GT4T
5ZMF-GT4TXL,5ZMF-GT4TXL
ABS-5WH-TXL,ABS-5WH-TXL
ABS-7WH-CK,ABS-7WH-CK
ABS-7WH-K,ABS-7WH-K
ABS-7WH-T,ABS-7WH-T
ABS-7WH-TXL,ABS-7WH-TXL
ABS-9GR-F,ABS-9GR-F
ABS-9GR-K,ABS-9GR-K
ABS-9GR-Q,ABS-9GR-Q
ABS-9GR-T,ABS-9GR-T
ABS-9NV-F,ABS-9NV-F
ABS-9NV-K,ABS-9NV-K
ABS-9NV-Q,ABS-9NV-Q
ABS-9NV-T,ABS-9NV-T
ADB-500Q,ADB-500Q
ADB-500SPK,ADB-500SPK
ADB-500TXL,ADB-500TXL
AFMGT-10Q,AFMGT-10Q
AFMGT-6Q,AFMGT-6Q
ALEC-2F,ALEC-2F
ALEC-2K,ALEC-2K
ALEC-2Q,ALEC-2Q
ALEC-2SQ,ALEC-2SQ
ALEC-2T,ALEC-2T
ALEC-2TXL,ALEC-2TXL
ALEC-3F,ALEC-3F
ALEC-3K,ALEC-3K
ALEC-3Q,ALEC-3Q
ALEC-3SQ,ALEC-3SQ
ALEC-3T,ALEC-3T
ALEC-3TXL,ALEC-3TXL
ALEC-4F,ALEC-4F
ALEC-4K,ALEC-4K
ALEC-4Q,ALEC-4Q
ALEC-4SQ,ALEC-4SQ
ALEC-4T,ALEC-4T
ALEC-4TXL,ALEC-4TXL
ASBWS-K,ASBWS-K
ASBWS-T,ASBWS-T
BBPB-BKF,BBPB-BKF
BBPB-BKK,BBPB-BKK
BBPB-BKQ,BBPB-BKQ
BBPB-BKT,BBPB-BKT
BBPB-WHF,BBPB-WHF
BBPB-WHK,BBPB-WHK
BBPB-WHQ,BBPB-WHQ
BBPB-WHT,BBPB-WHT
BCMF-1.5F,BCMF-1.5F
BCMF-1.5Q,BCMF-1.5Q
BCMF-1.5SQ,BCMF-1.5SQ
BCMF-1.5T,BCMF-1.5T
BCMF-1.5TXL,BCMF-1.5TXL
BCMF-4F,BCMF-4F
BCMF-4K,BCMF-4K
BCMF-4Q,BCMF-4Q
BCMF-4SQ,BCMF-4SQ
BCMF-4T,BCMF-4T
BCMF-4TXL,BCMF-4TXL
BFBS-40CK,BFBS-40CK
BFBS-40T,BFBS-40T
BFBS75F,BFBS75F
BFBS75Q,BFBS75Q
BFBS75T,BFBS75T
BP-C-BKCK,BP-C-BKCK
BP-C-BKF,BP-C-BKF
BP-C-BKK,BP-C-BKK
BP-C-BKQ,BP-C-BKQ
BP-C-BKT,BP-C-BKT
BP-C-BKTXL,BP-C-BKTXL
BP-C-WHCK,BP-C-WHCK
BP-C-WHF,BP-C-WHF
BP-C-WHK,BP-C-WHK
BP-C-WHQ,BP-C-WHQ
BP-C-WHT,BP-C-WHT
BP-C-WHTXL,BP-C-WHTXL
BP-E-BKCK,BP-E-BKCK
BP-E-BKF,BP-E-BKF
BP-E-BKK,BP-E-BKK
BP-E-BKQ,BP-E-BKQ
BP-E-BKT,BP-E-BKT
BP-E-BKTXL,BP-E-BKTXL
BP-EH01-10F,BP-EH01-10F
BP-EH01-10K,BP-EH01-10K
BP-EH01-10Q,BP-EH01-10Q
BP-EH01-10T,BP-EH01-10T
BP-EH02-F,BP-EH02-F
BP-EH02-K,BP-EH02-K
BP-EH02-Q,BP-EH02-Q
BP-EH02-T,BP-EH02-T
BP-EH03-RF,BP-EH03-RF
BP-EH03-RQ,BP-EH03-RQ
BP-EH03-RT,BP-EH03-RT
BP-ESFBF-F,BP-ESFBF-F
BP-ESFBF-T,BP-ESFBF-T
BP-ESFBF-TXL,BP-ESFBF-TXL
BP-ESFBF-WHQ,BP-ESFBF-WHQ
BP-ESFBF-WHT,BP-ESFBF-WHT
BP-ESFBF-WHTXL,BP-ESFBF-WHTXL
BP-E-WHCK,BP-E-WHCK
BP-E-WHF,BP-E-WHF
BP-E-WHK,BP-E-WHK
BP-E-WHQ,BP-E-WHQ
BP-E-WHT,BP-E-WHT
BP-E-WHTXL,BP-E-WHTXL
BP-HMA-F,BP-HMA-F
BP-HMA-Q,BP-HMA-Q
BP-HMA-T,BP-HMA-T
BP-HMA-TXL,BP-HMA-TXL
BP-HRB-F,BP-HRB-F
BP-HRB-Q,BP-HRB-Q
BP-HRB-T,BP-HRB-T
BP-HRB-TXL,BP-HRB-TXL
BP-HRSD-F,BP-HRSD-F
BP-HRSD-Q,BP-HRSD-Q
BP-HRSD-T,BP-HRSD-T
BP-HRSD-TXL,BP-HRSD-TXL
BP-L-BKT,BP-L-BKT
BP-L-WHT,BP-L-WHT
BPM-4TM,BPM-4TM
BPM-4TM-CK,BPM-4TM-CK
BPM-4TM-F,BPM-4TM-F
BPM-4TM-K,BPM-4TM-K
BPM-4TM-Q,BPM-4TM-Q
BPM-4TM-SRQ,BPM-4TM-SRQ
BPM-4TM-T,BPM-4TM-T
BPM-4TM-TXL,BPM-4TM-TXL
BPM-4TM-XS,BPM-4TM-XS
BPM-BF-7FQK,BPM-BF-7FQK
BPM-BF-7TFQ,BPM-BF-7TFQ
BPM-CSWPB-12FC,BPM-CSWPB-12FC
BPM-CSWPB-12FE,BPM-CSWPB-12FE
BPM-CSWPB-12FN,BPM-CSWPB-12FN
BPM-CSWPB-12KC,BPM-CSWPB-12KC
BPM-CSWPB-12KE,BPM-CSWPB-12KE
BPM-CSWPB-12KN,BPM-CSWPB-12KN
BPM-CSWPB-12QC,BPM-CSWPB-12QC
BPM-CSWPB-12QE,BPM-CSWPB-12QE
BPM-CSWPB-12QN,BPM-CSWPB-12QN
BPM-CSWPB-12TC,BPM-CSWPB-12TC
BPM-CSWPB-12TE,BPM-CSWPB-12TE
BPM-CSWPB-12TN,BPM-CSWPB-12TN
BPM-FMS-14CK,BPM-FMS-14CK
BPM-FMS-14K,BPM-FMS-14K
BPM-FMS-14Q,BPM-FMS-14Q
BPM-FMS-8F,BPM-FMS-8F
BPM-FMS-8K,BPM-FMS-8K
BPM-FMS-8Q,BPM-FMS-8Q
BPM-FMS-8T,BPM-FMS-8T
BPM-FMS-8TXL,BPM-FMS-8TXL
BPM-GM-11F,BPM-GM-11F
BPM-GM-11Q,BPM-GM-11Q
BPM-GM-11T,BPM-GM-11T
BPM-GM-7F,BPM-GM-7F
BPM-GM-7Q,BPM-GM-7Q
BPM-GM-7T,BPM-GM-7T
BPM-GM-9F,BPM-GM-9F
BPM-GM-9K,BPM-GM-9K
BPM-GM-9Q,BPM-GM-9Q
BPM-GM-9T,BPM-GM-9T
BPM-MFT-4CK,BPM-MFT-4CK
BPM-MFT-4F,BPM-MFT-4F
BPM-MFT-4K,BPM-MFT-4K
BPM-MFT-4Q,BPM-MFT-4Q
BPM-MFT-4SRQ,BPM-MFT-4SRQ
BPM-MFT-4T,BPM-MFT-4T
BPM-MFT-4TXL,BPM-MFT-4TXL
BPM-NSB-14CK-FE,BPM-NSB-14CK-FE
BPM-NSB-14F-FE,BPM-NSB-14F-FE
BPM-NSB-14K-FE,BPM-NSB-14K-FE
BPM-NSB-14Q-FE,BPM-NSB-14Q-FE
BPM-NSB-14T-FE,BPM-NSB-14T-FE
BP-MP-CPQ,BP-MP-CPQ
BP-MP-CPT,BP-MP-CPT
BP-MP-LAK,BP-MP-LAK
BP-MP-LAQ,BP-MP-LAQ
BP-MP-PBF,BP-MP-PBF
BPM-SB12-K,BPM-SB12-K
BPM-SB-14CK-F,BPM-SB-14CK-F
BPM-SB-14F-F,BPM-SB-14F-F
BPM-SB-14K-F,BPM-SB-14K-F
BPM-SB-14Q-F,BPM-SB-14Q-F
BPM-SB-14T-F,BPM-SB-14T-F
BPM-SB-14TXL-F,BPM-SB-14TXL-F
BPM-SB18-CK,BPM-SB18-CK
BPM-SB18-F,BPM-SB18-F
BPM-SB18-K,BPM-SB18-K
BPM-SB18-Q,BPM-SB18-Q
BPM-SB18-T,BPM-SB18-T
BPM-SB18-TXL,BPM-SB18-TXL
BPM-SP-10F,BPM-SP-10F
BPM-SP-10K,BPM-SP-10K
BPM-SP-10Q,BPM-SP-10Q
BPM-SP-10T,BPM-SP-10T
BPM-SP-80F,BPM-SP-80F
BPM-SP-80K,BPM-SP-80K
BPM-SP-80Q,BPM-SP-80Q
BPM-SP-80T,BPM-SP-80T
BPM-SPSC-14CK,BPM-SPSC-14CK
BPM-SPSC-14F,BPM-SPSC-14F
BPM-SPSC-14K,BPM-SPSC-14K
BPM-SPSC-14Q,BPM-SPSC-14Q
BPM-SPSC-14T,BPM-SPSC-14T
BPM-SPSC-14TXL,BPM-SPSC-14TXL
BPM-SPSC-18F,BPM-SPSC-18F
BPM-SPSC-18K,BPM-SPSC-18K
BPM-SPSC-18Q,BPM-SPSC-18Q
BPM-SPSC-18T,BPM-SPSC-18T
BPM-SWPB-12FGC,BPM-SWPB-12FGC
BPM-SWPB-12FGE,BPM-SWPB-12FGE
BPM-SWPB-12FGN,BPM-SWPB-12FGN
BPM-SWPB-12KGC,BPM-SWPB-12KGC
BPM-SWPB-12KGE,BPM-SWPB-12KGE
BPM-SWPB-12KGN,BPM-SWPB-12KGN
BPM-SWPB-12QGC,BPM-SWPB-12QGC
BPM-SWPB-12QGE,BPM-SWPB-12QGE
BPM-SWPB-12QGN,BPM-SWPB-12QGN
BPM-SWPB-12TGC,BPM-SWPB-12TGC
BPM-SWPB-12TGE,BPM-SWPB-12TGE
BPM-SWPB-12TGN,BPM-SWPB-12TGN
BPP-GM-2.5F,BPP-GM-2.5F
BPP-GM-2.5K,BPP-GM-2.5K
BPP-GM-2.5Q,BPP-GM-2.5Q
BPP-GM-2.5SQ,BPP-GM-2.5SQ
BPP-GM-2.5T,BPP-GM-2.5T
BPP-GM-2.5TXL,BPP-GM-2.5TXL
BPP-MFT-2.5F,BPP-MFT-2.5F
BPP-MFT-2.5K,BPP-MFT-2.5K
BPP-MFT-2.5Q,BPP-MFT-2.5Q
BPP-MFT-2.5SQ,BPP-MFT-2.5SQ
BPP-MFT-2.5T,BPP-MFT-2.5T
BPP-MFT-2.5TXL,BPP-MFT-2.5TXL
BPP-MFT-2F,BPP-MFT-2F
BPP-MFT-2F-G,BPP-MFT-2F-G
BPP-MFT-2F-L,BPP-MFT-2F-L
BPP-MFT-2K,BPP-MFT-2K
BPP-MFT-2K-G,BPP-MFT-2K-G
BPP-MFT-2K-L,BPP-MFT-2K-L
BPP-MFT-2Q,BPP-MFT-2Q
BPP-MFT-2Q-G,BPP-MFT-2Q-G
BPP-MFT-2Q-L,BPP-MFT-2Q-L
BPP-MFT-2SQ,BPP-MFT-2SQ
BPP-MFT-2SQ-G,BPP-MFT-2SQ-G
BPP-MFT-2SQ-L,BPP-MFT-2SQ-L
BPP-MFT-2T,BPP-MFT-2T
BPP-MFT-2T-G,BPP-MFT-2T-G
BPP-MFT-2T-L,BPP-MFT-2T-L
BPP-MFT-2TXL,BPP-MFT-2TXL
BPP-MFT-2TXL-G,BPP-MFT-2TXL-G
BPP-MFT-2TXL-L,BPP-MFT-2TXL-L
BPP-MFT-3F,BPP-MFT-3F
BPP-MFT-3K,BPP-MFT-3K
BPP-MFT-3Q,BPP-MFT-3Q
BPP-MFT-3SQ,BPP-MFT-3SQ
BPP-MFT-3T,BPP-MFT-3T
BPP-MFT-3TXL,BPP-MFT-3TXL
BPP-NCMFT-4CK,BPP-NCMFT-4CK
BPP-NCMFT-4F,BPP-NCMFT-4F
BPP-NCMFT-4K,BPP-NCMFT-4K
BPP-NCMFT-4Q,BPP-NCMFT-4Q
BPP-NCMFT-4SQ,BPP-NCMFT-4SQ
BPP-NCMFT-4T,BPP-NCMFT-4T
BPP-NCMFT-4TXL,BPP-NCMFT-4TXL
BPP-OT-15B-BL,BPP-OT-15B-BL
BPP-OT-15B-BR,BPP-OT-15B-BR
BPP-OT-15L-BL,BPP-OT-15L-BL
BPP-OT-15L-BR,BPP-OT-15L-BR
BPP-OT-15S-BL,BPP-OT-15S-BL
BPP-OT-15S-WH,BPP-OT-15S-WH
BPP-OT-30B-BL,BPP-OT-30B-BL
BPP-OT-30B-BR,BPP-OT-30B-BR
BPP-OT-30BS-BK,BPP-OT-30BS-BK
BPP-OT-30BS-CH,BPP-OT-30BS-CH
BPP-OT-30BS-FDG,BPP-OT-30BS-FDG
BPP-OT-30BS-FLG,BPP-OT-30BS-FLG
BPP-OT-30F-AO,BPP-OT-30F-AO
BPP-OT-30F-BE,BPP-OT-30F-BE
BPP-OT-30F-BR,BPP-OT-30F-BR
BPP-OT-30F-DG,BPP-OT-30F-DG
BPP-OT-30F-LG,BPP-OT-30F-LG
BPP-OT-30F-LM,BPP-OT-30F-LM
BPP-OT-30F-MT,BPP-OT-30F-MT
BPP-OT-30F-OP,BPP-OT-30F-OP
BPP-OT-30FP-BR,BPP-OT-30FP-BR
BPP-OT-30F-RR,BPP-OT-30F-RR
BPP-OT-30F-SB,BPP-OT-30F-SB
BPP-OT-30L-BL,BPP-OT-30L-BL
BPP-OT-30L-BR,BPP-OT-30L-BR
BPP-OT-30LC-IV,BPP-OT-30LC-IV
BPP-OT-30S-BL,BPP-OT-30S-BL
BPP-OT-30S-WH,BPP-OT-30S-WH
BPP-OT-37WS-BR,BPP-OT-37WS-BR
BPP-OT-37WS-OR,BPP-OT-37WS-OR
BPP-OT-45B-BL,BPP-OT-45B-BL
BPP-OT-45B-BR,BPP-OT-45B-BR
BPP-OT-45F-AO,BPP-OT-45F-AO
BPP-OT-45F-BE,BPP-OT-45F-BE
BPP-OT-45F-BR,BPP-OT-45F-BR
BPP-OT-45F-DG,BPP-OT-45F-DG
BPP-OT-45F-LG,BPP-OT-45F-LG
BPP-OT-45F-LM,BPP-OT-45F-LM
BPP-OT-45F-MT,BPP-OT-45F-MT
BPP-OT-45F-OP,BPP-OT-45F-OP
BPP-OT-45F-RR,BPP-OT-45F-RR
BPP-OT-45F-SB,BPP-OT-45F-SB
BPP-OT-45L-BL,BPP-OT-45L-BL
BPP-OT-45L-BR,BPP-OT-45L-BR
BPP-OT-45S-BL,BPP-OT-45S-BL
BPP-OT-45S-WH,BPP-OT-45S-WH
BPP-OT-52WS-BL,BPP-OT-52WS-BL
BPP-OT-52WS-BR,BPP-OT-52WS-BR
BPP-OT-52WS-FL,BPP-OT-52WS-FL
BSP-6F,BSP-6F
BSP-6Q,BSP-6Q
BSP-6T,BSP-6T
BSP-6TXL,BSP-6TXL
BXMW-10F,BXMW-10F
BXMW-10K,BXMW-10K
BXMW-10Q,BXMW-10Q
BXMW-10T,BXMW-10T
BXMW-6F,BXMW-6F
BXMW-6K,BXMW-6K
BXMW-6Q,BXMW-6Q
BXMW-6T,BXMW-6T
CC-MMP-ST,CC-MMP-ST
CC-SMP-ST,CC-SMP-ST
CHFM-GRF,CHFM-GRF
CHFM-GRK,CHFM-GRK
CHFM-GRQ,CHFM-GRQ
CHFM-WHF,CHFM-WHF
CHFM-WHK,CHFM-WHK
CHFM-WHQ,CHFM-WHQ
CMF-10K,CMF-10K
CMF-8F,CMF-8F
CMF-8K,CMF-8K
CMF-8Q,CMF-8Q
CMF-8T,CMF-8T
CSWPB-H14FB,CSWPB-H14FB
CSWPB-H14KB,CSWPB-H14KB
CSWPB-H14QB,CSWPB-H14QB
CSWPB-H14TB,CSWPB-H14TB
DAFMGT-12CK,DAFMGT-12CK
DAFMGT-12F,DAFMGT-12F
DAFMGT-12K,DAFMGT-12K
DT-KB12-AL,DT-KB12-AL
DT-KB12-NU,DT-KB12-NU
DT-KB-8,DT-KB-8
DT-KB-AS6,DT-KB-AS6
DT-KB-TE12,DT-KB-TE12
DT-MAT-PW,DT-MAT-PW
EB-FMS-0600F,EB-FMS-0600F
EB-FMS-0600K,EB-FMS-0600K
EB-FMS-0600Q,EB-FMS-0600Q
EB-FMS-0600SQ,EB-FMS-0600SQ
EB-FMS-0600T,EB-FMS-0600T
EB-FMS-0600TXL,EB-FMS-0600TXL
ECBCMF-4F,ECBCMF-4F
ECBCMF-4K,ECBCMF-4K
ECBCMF-4Q,ECBCMF-4Q
ECBCMF-4SQ,ECBCMF-4SQ
ECBCMF-4T,ECBCMF-4T
ECBCMF-4TXL,ECBCMF-4TXL
ECGTMF-4F,ECGTMF-4F
ECGTMF-4K,ECGTMF-4K
ECGTMF-4Q,ECGTMF-4Q
ECGTMF-4SQ,ECGTMF-4SQ
ECGTMF-4T,ECGTMF-4T
ECGTMF-4TXL,ECGTMF-4TXL
ECMF-03FL,ECMF-03FL
ECMF-03KL,ECMF-03KL
ECMF-03QL,ECMF-03QL
ECMF-03SQL,ECMF-03SQL
ECMF-03TL,ECMF-03TL
ECMF-03TXLL,ECMF-03TXLL
ECMF-C30F,ECMF-C30F
ECMF-C30K,ECMF-C30K
ECMF-C30Q,ECMF-C30Q
ECMF-C30T,ECMF-C30T
ECMF-GM4F,ECMF-GM4F
ECMF-GM4K,ECMF-GM4K
ECMF-GM4Q,ECMF-GM4Q
ECMF-GM4SQ,ECMF-GM4SQ
ECMF-GM4T,ECMF-GM4T
ECMF-GM4TXL,ECMF-GM4TXL
ECMF-LV2F,ECMF-LV2F
ECMF-LV2K,ECMF-LV2K
ECMF-LV2Q,ECMF-LV2Q
ECMF-LV2SQ,ECMF-LV2SQ
ECMF-LV2T,ECMF-LV2T
ECMF-LV2TXL,ECMF-LV2TXL
ECMF-LV4F,ECMF-LV4F
ECMF-LV4K,ECMF-LV4K
ECMF-LV4Q,ECMF-LV4Q
ECMF-LV4SQ,ECMF-LV4SQ
ECMF-LV4T,ECMF-LV4T
ECMF-LV4TXL,ECMF-LV4TXL
FMPB-BKF,FMPB-BKF
FMPB-BKK,FMPB-BKK
FMPB-BKQ,FMPB-BKQ
FMPB-WHF,FMPB-WHF
FMPB-WHK,FMPB-WHK
FMPB-WHQ,FMPB-WHQ
FMS-S10F,FMS-S10F
FMS-S10K,FMS-S10K
FMS-S10Q,FMS-S10Q
FMS-S10T,FMS-S10T
FMS-S12F,FMS-S12F
FMS-S12K,FMS-S12K
FMS-S12Q,FMS-S12Q
FMS-S12T,FMS-S12T
FPB-BT-F,FPB-BT-F
FPB-BT-K,FPB-BT-K
FPB-BT-Q,FPB-BT-Q
FPB-GT-F,FPB-GT-F
FPB-GT-Q,FPB-GT-Q
GMT1.5CK,BPP-GM-1.5CK
GMT1.5F,BPP-GM-1.5F
GMT1.5K,BPP-GM-1.5K
GMT1.5Q,BPP-GM-1.5Q
GMT1.5SQ,BPP-GM-1.5SQ
GMT1.5T,BPP-GM-1.5T
GMT1.5TXL,BPP-GM-1.5TXL
GMT3CK,BPP-GM-3CK
GMT3F,BPP-GM-3F
GMT3K,BPP-GM-3K
GMT3Q,BPP-GM-3Q
GMT3SQ,BPP-GM-3SQ
GMT3T,BPP-GM-3T
GMT3TXL,BPP-GM-3TXL
GMT4CK,BPP-GM-4CK
GMT4F,BPP-GM-4F
GMT4K,BPP-GM-4K
GMT4Q,BPP-GM-4Q
GMT4SQ,BPP-GM-4SQ
GMT4T,BPP-GM-4T
GMT4TXL,BPP-GM-4TXL
GTMF-1.5FG,GTMF-1.5FG
GTMF-1.5QG,GTMF-1.5QG
GTMF-1.5SQG,GTMF-1.5SQG
GTMF-1.5TG,GTMF-1.5TG
GTMF-1.5TXLG,GTMF-1.5TXLG
GTMF-4F,GTMF-4F
GTMF-4K,GTMF-4K
GTMF-4Q,GTMF-4Q
GTMF-4SQ,GTMF-4SQ
GTMF-4T,GTMF-4T
GTMF-4TXL,GTMF-4TXL
HDSB-14F,HDSB-14F
HDSB-14K,HDSB-14K
HDSB-14T,HDSB-14T
HSPBC-10F,HSPBC-10F
HSPBC-10K,HSPBC-10K
HSPBC-10Q,HSPBC-10Q
HSPBC-10T,HSPBC-10T
HSPBC-12F,HSPBC-12F
HSPBC-12K,HSPBC-12K
HSPBC-12Q,HSPBC-12Q
HSPBC-12T,HSPBC-12T
HSPBC-8F,HSPBC-8F
HSPBC-8K,HSPBC-8K
HSPBC-8Q,HSPBC-8Q
HSPBC-8T,HSPBC-8T
HSPMG-8F,HSPMG-8F
HSPMG-8K,HSPMG-8K
HSPMG-8Q,HSPMG-8Q
HSPMG-8T,HSPMG-8T
LGHB-12F,LGHB-12F
LGHB-12K,LGHB-12K
LGHB-12Q,LGHB-12Q
LPB-GL-F,LPB-GL-F
LPB-GL-Q,LPB-GL-Q
LPB-L-F,LPB-L-F
LPB-L-K,LPB-L-K
LPB-L-Q,LPB-L-Q
LVMF1.5F,LVMF1.5F
LVMF1.5Q,LVMF1.5Q
LVMF1.5SQ,LVMF1.5SQ
LVMF1.5T,LVMF1.5T
LVMF1.5TXL,LVMF1.5TXL
LVMF4F,LVMF4F
LVMF4K,LVMF4K
LVMF4Q,LVMF4Q
LVMF4SQ,LVMF4SQ
LVMF4T,LVMF4T
LVMF4TXL,LVMF4TXL
MBWS-14F,MBWS-14F
MBWS-14K,MBWS-14K
MBWS-14Q,MBWS-14Q
MBWS-14T,MBWS-14T
MBWS-H14F,MBWS-H14F
MBWS-H14K,MBWS-H14K
MBWS-H14Q,MBWS-H14Q
MBWS-H14T,MBWS-H14T
ML-FM-KE-DGF,ML-FM-KE-DGF
ML-FM-KE-DGK,ML-FM-KE-DGK
ML-FM-KE-DGQ,ML-FM-KE-DGQ
ML-FM-KE-OGF,ML-FM-KE-OGF
ML-FM-KE-OGK,ML-FM-KE-OGK
ML-FM-KE-OGQ,ML-FM-KE-OGQ
ML-FM-KE-SCF,ML-FM-KE-SCF
ML-FM-KE-SCK,ML-FM-KE-SCK
ML-FM-KE-SCQ,ML-FM-KE-SCQ
ML-FM-NO-CGF,ML-FM-NO-CGF
ML-FM-NO-CGQ,ML-FM-NO-CGQ
ML-FM-NO-CGT,ML-FM-NO-CGT
ML-FM-NO-CGTXL,ML-FM-NO-CGTXL
MLFMS-10F,MLFMS-10F
MLFMS-10K,MLFMS-10K
MLFMS-10Q,MLFMS-10Q
MLFMS-10T,MLFMS-10T
MLFMS-12F,MLFMS-12F
MLFMS-12K,MLFMS-12K
MLFMS-12Q,MLFMS-12Q
MLFMS-12T,MLFMS-12T
MLFMS-14F,MLFMS-14F
MLFMS-14K,MLFMS-14K
MLFMS-14Q,MLFMS-14Q
MLFMS-14T,MLFMS-14T
ML-FPB-AMF-LG,ML-FPB-AMF-LG
ML-FPB-AMK-LG,ML-FPB-AMK-LG
ML-FPB-AMQ-LG,ML-FPB-AMQ-LG
ML-FPB-JAF-CG,ML-FPB-JAF-CG
ML-FPB-JAK-CG,ML-FPB-JAK-CG
ML-FPB-JAQ-CG,ML-FPB-JAQ-CG
ML-FPB-MAF-DG,ML-FPB-MAF-DG
ML-FPB-MAK-DG,ML-FPB-MAK-DG
ML-FPB-MAQ-DG,ML-FPB-MAQ-DG
MLGM-10F,MLGM-10F
MLGM-10K,MLGM-10K
MLGM-10Q,MLGM-10Q
MLGM-10T,MLGM-10T
MLGM-12F,MLGM-12F
MLGM-12K,MLGM-12K
MLGM-12Q,MLGM-12Q
MLGM-12T,MLGM-12T
MLGM-14F,MLGM-14F
MLGM-14K,MLGM-14K
MLGM-14Q,MLGM-14Q
MLGM-14T,MLGM-14T
MLSF-AD-LG-3P,MLSF-AD-LG-3P
MLSF-AD-LG-LS,MLSF-AD-LG-LS
MLSF-HA-BE-3P,MLSF-HA-BE-3P
MLSF-HA-BE-LS,MLSF-HA-BE-LS
MLSF-JU-DG-3P,MLSF-JU-DG-3P
MLSF-JU-DG-LS,MLSF-JU-DG-LS
MLSF-ME-LG-3P,MLSF-ME-LG-3P
MLSF-ME-LG-LS,MLSF-ME-LG-LS
MSH-MF10-F,MSH-MF10-F
MSH-MF10-K,MSH-MF10-K
MSH-MF10-Q,MSH-MF10-Q
MSH-MF10-T,MSH-MF10-T
MSH-MF12-F,MSH-MF12-F
MSH-MF12-K,MSH-MF12-K
MSH-MF12-Q,MSH-MF12-Q
MSH-MF12-T,MSH-MF12-T
MSH-MF8-F,MSH-MF8-F
MSH-MF8-K,MSH-MF8-K
MSH-MF8-Q,MSH-MF8-Q
MSH-MF8-T,MSH-MF8-T
OLC-FMS-1000CK,OLC-FMS-1000CK
OLC-FMS-1000F,OLC-FMS-1000F
OLC-FMS-1000K,OLC-FMS-1000K
OLC-FMS-1000Q,OLC-FMS-1000Q
OLC-FMS-1000T,OLC-FMS-1000T
OLC-FMS-1000TXL,OLC-FMS-1000TXL
OLC-FMS-1200CK,OLC-FMS-1200CK
OLC-FMS-1200F,OLC-FMS-1200F
OLC-FMS-1200K,OLC-FMS-1200K
OLC-FMS-1200Q,OLC-FMS-1200Q
OLC-FMS-1200T,OLC-FMS-1200T
OLC-FMS-1400CK,OLC-FMS-1400CK
OLC-FMS-1400K,OLC-FMS-1400K
OLC-FMS-1400Q,OLC-FMS-1400Q
OT-DTL-23B-PE,OT-DTL-23B-PE
OT-DTL-23G-CM,OT-DTL-23G-CM
OT-DTL-23G-SP,OT-DTL-23G-SP
OT-DTL-23L-DO,OT-DTL-23L-DO
OT-DTL-23P-SL,OT-DTL-23P-SL
OT-DTL-23S-TT,OT-DTL-23S-TT
OT-DTM-20B-CR,OT-DTM-20B-CR
OT-DTM-20B-PE,OT-DTM-20B-PE
OT-DTM-20G-CM,OT-DTM-20G-CM
OT-DTM-20G-SP,OT-DTM-20G-SP
OT-DTM-20L-BP,OT-DTM-20L-BP
OT-DTM-20L-DO,OT-DTM-20L-DO
OT-DTM-20P-RN,OT-DTM-20P-RN
OT-DTM-20P-SL,OT-DTM-20P-SL
OT-DTM-20S-TT,OT-DTM-20S-TT
OT-DTM-20S-UH,OT-DTM-20S-UH
PMBWS-10F,PMBWS-10F
PMBWS-10K,PMBWS-10K
PMBWS-10Q,PMBWS-10Q
PMBWS-10T,PMBWS-10T
PMBWS-H10F,PMBWS-H10F
PMBWS-H10K,PMBWS-H10K
PMBWS-H10Q,PMBWS-H10Q
PMBWS-H10T,PMBWS-H10T
QMPW-14PF,QMPW-14PF
QMPW-14PK,QMPW-14PK
QMPW-14PQ,QMPW-14PQ
QMPW-14PT,QMPW-14PT
QMPW-18F,QMPW-18F
QMPW-18K,QMPW-18K
QMPW-18Q,QMPW-18Q
QMPW-18T,QMPW-18T
RNNS-BE,RNNS-BE
RNNS-BK,RNNS-BK
RNNS-WH,RNNS-WH
SHPB-HYF,SHPB-HYF
SHPB-HYK,SHPB-HYK
SHPB-HYQ,SHPB-HYQ
SHPB-HYT,SHPB-HYT
SHPB-KAF,SHPB-KAF
SHPB-KAK,SHPB-KAK
SHPB-KAQ,SHPB-KAQ
SHPB-KAT,SHPB-KAT
SQNS-BK,SQNS-BK
SWSF-AD-LG,SWSF-AD-LG
SWSF-HA-BE,SWSF-HA-BE
SWSF-JU-DG,SWSF-JU-DG
SWSF-ME-LG,SWSF-ME-LG
UCBXA-12F,UCBXA-12F
UCBXA-12K,UCBXA-12K
UCBXA-12Q,UCBXA-12Q
UCBXA-12T,UCBXA-12T
UCBXA-9F,UCBXA-9F
UCBXA-9K,UCBXA-9K
UCBXA-9Q,UCBXA-9Q
UCBXA-9T,UCBXA-9T
UCBXB-12F,UCBXB-12F
UCBXB-12K,UCBXB-12K
UCBXB-12Q,UCBXB-12Q
UCBXB-12T,UCBXB-12T
UCBXB-9F,UCBXB-9F
UCBXB-9K,UCBXB-9K
UCBXB-9Q,UCBXB-9Q
UCBXB-9T,UCBXB-9T
WGST-BE-F,WGST-BE-F
WGST-BE-Q,WGST-BE-Q
WGST-F,WGST-F
WGST-Q,WGST-Q
WGST-T,WGST-T
