Supplier Sku,,You can just copy and past a list from current feeding file - duplication is allowed -.
OS-10PS-GM-F,,
OS-10PS-GM-K,,
OS-10PS-GM-Q,,
OS-10PS-GM-T,,
OS-12PS-GM-CK,,
OS-12PS-GM-F,,
OS-12PS-GM-K,,
OS-12PS-GM-Q,,
OS-12PS-GM-T,,
OS-14PS-GM-CK,,
OS-14PS-GM-K,,
OS-14PS-GM-Q,,
OS-5ZMF-15FA,,
OS-5ZMF-15QA,,
OS-5ZMF-15SQA,,
OS-5ZMF-15TA,,
OS-5ZMF-15TXLA,,
OS-5ZMF-3FL,,
OS-5ZMF-3KL,,
OS-5ZMF-3QL,,
OS-5ZMF-3TL,,
OS-5ZMF-C3F,,
OS-5ZMF-C3K,,
OS-5ZMF-C3Q,,
OS-5ZMF-C3T,,
OS-5ZMF-GM4F,,
OS-5ZMF-GM4K,,
OS-5ZMF-GM4Q,,
OS-5ZMF-GM4SQ,,
OS-5ZMF-GM4T,,
OS-5ZMF-GM4TXL,,
OS-5ZMF-GT4F,,
OS-5ZMF-GT4K,,
OS-5ZMF-GT4Q,,
OS-5ZMF-GT4SQ,,
OS-5ZMF-GT4T,,
OS-5ZMF-GT4TXL,,
OS-ABS-5WH-CK,,
OS-ABS-5WH-F,,
OS-ABS-5WH-K,,
OS-ABS-5WH-Q,,
OS-ABS-5WH-T,,
OS-ABS-5WH-TXL,,
OS-ABS-7WH-CK,,
OS-ABS-7WH-F,,
OS-ABS-7WH-K,,
OS-ABS-7WH-Q,,
OS-ABS-7WH-T,,
OS-ABS-7WH-TXL,,
OS-ABS-9GR-F,,
OS-ABS-9GR-K,,
OS-ABS-9GR-Q,,
OS-ABS-9GR-T,,
OS-ABS-9NV-F,,
OS-ABS-9NV-K,,
OS-ABS-9NV-Q,,
OS-ABS-9NV-T,,
OS-ADB-500Q,,
OS-ADB-500SPK,,
OS-ADB-500TXL,,
OS-AFMGT-10F,,
OS-AFMGT-10K,,
OS-AFMGT-10Q,,
OS-AFMGT-10T,,
OS-AFMGT-6F,,
OS-AFMGT-6K,,
OS-AFMGT-6Q,,
OS-AFMGT-6T,,
OS-ALEC-2F,,
OS-ALEC-2K,,
OS-ALEC-2Q,,
OS-ALEC-2SQ,,
OS-ALEC-2T,,
OS-ALEC-2TXL,,
OS-ALEC-3F,,
OS-ALEC-3K,,
OS-ALEC-3Q,,
OS-ALEC-3SQ,,
OS-ALEC-3T,,
OS-ALEC-3TXL,,
OS-ALEC-4F,,
OS-ALEC-4K,,
OS-ALEC-4Q,,
OS-ALEC-4SQ,,
OS-ALEC-4T,,
OS-ALEC-4TXL,,
OS-ASBWS-F,,
OS-ASBWS-K,,
OS-ASBWS-Q,,
OS-ASBWS-T,,
OS-BBPB-BKF,,
OS-BBPB-BKK,,
OS-BBPB-BKQ,,
OS-BBPB-BKT,,
OS-BBPB-WHF,,
OS-BBPB-WHK,,
OS-BBPB-WHQ,,
OS-BBPB-WHT,,
OS-BCMF-1.5F,,
OS-BCMF-1.5Q,,
OS-BCMF-1.5SQ,,
OS-BCMF-1.5T,,
OS-BCMF-1.5TXL,,
OS-BCMF-4F,,
OS-BCMF-4K,,
OS-BCMF-4Q,,
OS-BCMF-4SQ,,
OS-BCMF-4T,,
OS-BCMF-4TXL,,
OS-BFBS75CK,,
OS-BFBS75F,,
OS-BFBS75K,,
OS-BFBS75Q,,
OS-BFBS75T,,
OS-C-BKCK,,
OS-C-BKF,,
OS-C-BKK,,
OS-C-BKQ,,
OS-C-BKT,,
OS-C-BKTXL,,
OS-C-WHCK,,
OS-C-WHF,,
OS-C-WHK,,
OS-C-WHQ,,
OS-C-WHT,,
OS-C-WHTXL,,
OS-E-BKF,,
OS-E-BKK,,
OS-E-BKQ,,
OS-E-BKT,,
OS-E-BKTXL,,
OS-EH01-10F,,
OS-EH01-10K,,
OS-EH01-10Q,,
OS-EH01-10T,,
OS-EH02-F,,
OS-EH02-K,,
OS-EH02-Q,,
OS-EH02-T,,
OS-EH03-RF,,
OS-EH03-RK,,
OS-EH03-RQ,,
OS-EH03-RT,,
OS-ESFBF-CK,,
OS-ESFBF-F,,
OS-ESFBF-K,,
OS-ESFBF-Q,,
OS-ESFBF-T,,
OS-ESFBF-TXL,,
OS-ESFBF-WHF,,
OS-ESFBF-WHQ,,
OS-ESFBF-WHT,,
OS-ESFBF-WHTXL,,
OS-E-WHCK,,
OS-E-WHF,,
OS-E-WHK,,
OS-E-WHQ,,
OS-E-WHT,,
OS-E-WHTXL,,
OS-HMA-F,,
OS-HMA-Q,,
OS-HMA-T,,
OS-HMA-TXL,,
OS-HRB-F,,
OS-HRB-Q,,
OS-HRB-T,,
OS-HRB-TXL,,
OS-HRSD-F,,
OS-HRSD-Q,,
OS-HRSD-T,,
OS-HRSD-TXL,,
OS-4TM,,
OS-4TM-CK,,
OS-4TM-F,,
OS-4TM-K,,
OS-4TM-Q,,
OS-4TM-SRQ,,
OS-4TM-T,,
OS-4TM-TXL,,
OS-4TM-XS,,
OS-BF-7FQK,,
OS-BF-7TFQ,,
OS-CSWPB-12FC,,
OS-CSWPB-12FE,,
OS-CSWPB-12FN,,
OS-CSWPB-12KC,,
OS-CSWPB-12KE,,
OS-CSWPB-12KN,,
OS-CSWPB-12QC,,
OS-CSWPB-12QE,,
OS-CSWPB-12QN,,
OS-CSWPB-12TC,,
OS-CSWPB-12TE,,
OS-CSWPB-12TN,,
OS-FBS-7.5CK,,
OS-FBS-7.5F,,
OS-FBS-7.5K,,
OS-FBS-7.5Q,,
OS-FBS-7.5T,,
OS-MFM-12Q+BF75Q,,
OS-MFM-12Q+FB75Q,,
OS-MFM-12Q+NSB-Q-FE,,
OS-FMS-12Q+SB-14Q-F,,
OS-FMS-14CK,,
OS-FMS-14K,,
OS-FMS-14Q,,
OS-FMS-8F,,
OS-MFM-8F+BF75F,,
OS-FMS-8F+BP-E-BKF,,
OS-MFM-8F+FB75F,,
OS-MFM-8F+NSB-F-FE,,
OS-FMS-8F+SB-14F-F,,
OS-FMS-8K,,
OS-MFM-8K+BF75K,,
OS-FMS-8K+BP-E-BKK,,
OS-MFM-8K+FB75K,,
OS-MFM-8K+NSB-K-FE,,
OS-FMS-8K+SB-14K-F,,
OS-FMS-8Q,,
OS-MFM-8Q+BF75Q,,
OS-FMS-8Q+BP-E-BKQ,,
OS-MFM-8Q+FB75Q,,
OS-MFM-8Q+NSB-Q-FE,,
OS-FMS-8Q+SB-14Q-F,,
OS-FMS-8T,,
OS-MFM-8T+BF75T,,
OS-FMS-8T+BP-E-BKT,,
OS-MFM-8T+FB75T,,
OS-MFM-8T+NSB-T-FE,,
OS-FMS-8T+SB-14T-F,,
OS-FMS-8TXL,,
OS-GB-18,,
OS-GIM-11F,,
OS-GIM-11F+BF75F,,
OS-GIM-11F+FB75F,,
OS-GIM-11F+SB-F-F,,
OS-GM-11F+NSB-14F-FE,,
OS-GIM-11K,,
OS-GM-11K+NSB-14K-FE,,
OS-GIM-11Q,,
OS-GIM-11Q+BF75Q,,
OS-GIM-11Q+FB75Q,,
OS-GIM-11Q+SB-Q-F,,
OS-GM-11Q+NSB-14Q-FE,,
OS-GIM-11T,,
OS-GIM-11T+BF75T,,
OS-GIM-11T+FB75T,,
OS-GIM-11T+SB-T-F,,
OS-GM-11T+NSB-14T-FE,,
OS-GIM-7F,,
OS-GIM-7F+BF75F,,
OS-GIM-7F+FB75F,,
OS-GIM-7F+SB-F-F,,
OS-GIM-7F+NSB-F-FE,,
OS-GIM-7Q,,
OS-GIM-7Q+BF75Q,,
OS-GIM-7Q+FB75Q,,
OS-GIM-7Q+SB-Q-F,,
OS-GIM-7Q+NSB-Q-FE,,
OS-GIM-7T,,
OS-GIM-7T+BF75T,,
OS-GIM-7T+FB75T,,
OS-GIM-7T+SB-T-F,,
OS-GIM-7T+NSB-T-FE,,
OS-GIM-9F,,
OS-GIM-9F+BF75F,,
OS-GIM-9F+FB75F,,
OS-GIM-9F+NSB-F-FE,,
OS-GIM-9F+SB-F-F,,
OS-GIM-9K,,
OS-GIM-9Q,,
OS-GIM-9Q+BF75Q,,
OS-GIM-9Q+FB75Q,,
OS-GIM-9Q+NSB-Q-FE,,
OS-GIM-9Q+SB-Q-F,,
OS-GIM-9T,,
OS-GIM-9T+BF75T,,
OS-GIM-9T+FB75T,,
OS-GIM-9T+NSB-T-FE,,
OS-GIM-9T+SB-T-F,,
OS-MFT-30F,,
OS-MFT-30K,,
OS-MFT-30Q,,
OS-MFT-30SRQ,,
OS-MFT-30T,,
OS-MFT-30TXL,,
OS-MFT-4CK,,
Copy of OS-MFT-4F,,
Copy of OS-MFT-4K,,
Copy of OS-MFT-4Q,,
OS-MFT-4SRQ,,
OS-MFT-4T,,
OS-MFT-4TXL,,
OS-MP-LAK,,
OS-MP-LAQ,,
OS-MP-LAT,,
OS-SB12-F,,
OS-SB12-K,,
OS-SB12-Q,,
OS-SB12-T,,
OS-SB-14CK-F,,
OS-SB-14F-F,,
OS-SB-14K-F,,
OS-SB-14Q-F,,
OS-SB-14T-F,,
OS-SB-14TXL-F,,
OS-SB18-CK,,
OS-SB18-F,,
OS-SB18-K,,
OS-SB18-Q,,
OS-SB18-T,,
OS-SB18-TXL,,
OS-SP-10F,,
OS-SP-10K,,
OS-SP-10Q,,
OS-SP-10T,,
OS-SP-80F,,
OS-SP-80K,,
OS-SP-80Q,,
OS-SP-80T,,
OS-SPSC-14CK,,
OS-SPSC-14F,,
OS-SPSC-14K,,
OS-SPSC-14Q,,
OS-SPSC-14T,,
OS-SPSC-14TXL,,
OS-SPSC-18F,,
OS-SPSC-18K,,
OS-SPSC-18Q,,
OS-SPSC-18T,,
OS-SWPB-12FGC,,
OS-SWPB-12FGE,,
OS-SWPB-12FGN,,
OS-SWPB-12KGC,,
OS-SWPB-12KGE,,
OS-SWPB-12KGN,,
OS-SWPB-12QGC,,
OS-SWPB-12QGE,,
OS-SWPB-12QGN,,
OS-SWPB-12TGC,,
OS-SWPB-12TGE,,
OS-SWPB-12TGN,,
OS-AFM-10CK,,
OS-AFM-10F,,
OS-AFM-10K,,
OS-AFM-10Q,,
OS-AFM-10T,,
OS-AFM-8F,,
OS-AM-8F+BF75F,,
OS-AM-8F+FB75F,,
OS-AFM-8K,,
OS-AM-8K+BF75K,,
OS-AM-8K+FB75K,,
OS-AFM-8Q,,
OS-AM-8Q+BF75Q,,
OS-AM-8Q+FB75Q,,
OS-AFM-8SQ,,
OS-AFM-8T,,
OS-AM-8T+BF75T,,
OS-AM-8T+FB75T,,
OS-AFM-8TXL,,
OS-GM-2.5F,,
OS-GM-2.5K,,
OS-GM-2.5Q,,
OS-GM-2.5SQ,,
OS-GM-2.5T,,
OS-GM-2.5TXL,,
Copy of OS-MFT-2.5F,,
Copy of OS-MFT-2.5K,,
Copy of OS-MFT-2.5Q,,
OS-MFT-2.5SQ,,
OS-MFT-2.5T,,
OS-MFT-2.5TXL,,
Copy of OS-MFT-2F,,
OS-MFT-2F-G,,
OS-MFT-2F-L,,
Copy of OS-MFT-2K,,
OS-MFT-2K-G,,
OS-MFT-2K-L,,
Copy of OS-MFT-2Q,,
OS-MFT-2Q-G,,
OS-MFT-2Q-L,,
OS-MFT-2SQ,,
OS-MFT-2SQ-G,,
OS-MFT-2SQ-L,,
OS-MFT-2T,,
OS-MFT-2T-G,,
OS-MFT-2T-L,,
OS-MFT-2TXL,,
OS-MFT-2TXL-G,,
OS-MFT-2TXL-L,,
Copy of OS-MFT-3F,,
Copy of OS-MFT-3K,,
Copy of OS-MFT-3Q,,
OS-MFT-3T,,
OS-NCMFT-4CK,,
OS-NCMFT-4F,,
OS-NCMFT-4K,,
OS-NCMFT-4Q,,
OS-NCMFT-4SQ,,
OS-NCMFT-4T,,
OS-NCMFT-4TXL,,
OS-OT-15B-BL,,
OS-OT-15B-BR,,
OS-OT-15L-BL,,
OS-OT-15L-BR,,
OS-OT-15S-BL,,
OS-OT-15S-WH,,
OS-OT-30B-BL,,
OS-OT-30B-BR,,
OS-OT-30BS-BK,,
OS-OT-30BS-CH,,
OS-OT-30BS-IV,,
OS-OT-30F-AO,,
OS-OT-30F-BE,,
OS-OT-30F-BR,,
OS-OT-30F-DG,,
OS-OT-30F-LG,,
OS-OT-30F-LM,,
OS-OT-30F-MT,,
OS-OT-30F-OP,,
OS-OT-30FP-BL,,
OS-OT-30FP-BR,,
OS-OT-30FP-FL,,
OS-OT-30FP-GR,,
OS-OT-30FP-OR,,
OS-OT-30F-RR,,
OS-OT-30F-SB,,
OS-OT-30L-BL,,
OS-OT-30L-BR,,
OS-OT-30LC-BK,,
OS-OT-30LC-CH,,
OS-OT-30LC-IV,,
OS-OT-30S-BL,,
OS-OT-30S-WH,,
OS-OT- 30WS-BL,,
OS-OT- 30WS-BR,,
OS-OT- 30WS-FL,,
OS-OT- 30WS-GR,,
OS-OT- 30WS-OR,,
OS-OT- 37WS-BL,,
OS-OT- 37WS-BR,,
OS-OT- 37WS-FL,,
OS-OT- 37WS-GR,,
OS-OT- 37WS-OR,,
OS-OT-45B-BL,,
OS-OT-45B-BR,,
OS-OT-45F-AO,,
OS-OT-45F-BE,,
OS-OT-45F-BR,,
OS-OT-45F-DG,,
OS-OT-45F-LG,,
OS-OT-45F-LM,,
OS-OT-45F-MT,,
OS-OT-45F-OP,,
OS-OT-45FP-BL,,
OS-OT-45FP-BR,,
OS-OT-45FP-FL,,
OS-OT-45FP-GR,,
OS-OT-45FP-OR,,
OS-OT-45F-RR,,
OS-OT-45F-SB,,
OS-OT-45L-BL,,
OS-OT-45L-BR,,
OS-OT- 52WS-BL,,
OS-OT- 52WS-BR,,
OS-OT- 52WS-FL,,
OS-OT- 52WS-GR,,
OS-OT- 52WS-OR,,
OS-BSP-6F,,
OS-BSP-6Q,,
OS-BSP-6T,,
OS-BSP-6TXL,,
OS-CHFM-GRF,,
OS-CHFM-GRK,,
OS-CHFM-GRQ,,
OS-CHFM-WHF,,
OS-CHFM-WHK,,
OS-CHFM-WHQ,,
OS-CSWPB-H14FB,,
OS-CSWPB-H14KB,,
OS-CSWPB-H14QB,,
OS-CSWPB-H14TB,,
OS-DAFMGT-12CK,,
OS-DAFMGT-12F,,
OS-DAFMGT-12K,,
OS-DAFMGT-12Q,,
OS-DAFMGT-12T,,
OS-KB12-AL,,
OS-KB12-NU,,
OS-KB-8,,
OS-MAT-PW,,
OS-TBM26-2BK,,
OS-TBM26-2VT,,
OS-FMS-0600F,,
OS-MFM-6F+BF75F,,
OS-FMS-6F+BP-E-BKF,,
OS-MFM-6F+FB75F,,
OS-MFM-6F+NSB-F-FE,,
OS-EB-0600F+SB-14F-F,,
OS-EB-FMS-0600K,,
OS-FMS-0600Q,,
OS-MFM-6Q+BF75Q,,
OS-FMS-6Q+BP-E-BKQ,,
OS-MFM-6Q+FB75Q,,
OS-MFM-6Q+Q-FE,,
OS-EB-0600Q+SB-14Q-F,,
OS-FMS-0600T,,
OS-MFM-6T+BF75T,,
OS-FMS-6T+BP-E-BKT,,
OS-MFM-6T+FB75T,,
OS-MFM-6T+NSB-T-FE,,
OS-EB-0600T+SB-14T-F,,
OS-ECBCMF-4F,,
OS-ECBCMF-4K,,
OS-ECBCMF-4Q,,
OS-ECBCMF-4SQ,,
OS-ECBCMF-4T,,
OS-ECBCMF-4TXL,,
OS-ECGTMF-4F,,
OS-ECGTMF-4K,,
OS-ECGTMF-4Q,,
OS-ECGTMF-4SQ,,
OS-ECGTMF-4T,,
OS-ECGTMF-4TXL,,
OS-ECMF-03FL,,
OS-ECMF-03KL,,
OS-ECMF-03QL,,
OS-ECMF-03TL,,
OS-ECMF-C30F,,
OS-ECMF-C30K,,
OS-ECMF-C30Q,,
OS-ECMF-GM4F,,
OS-ECMF-GM4K,,
OS-ECMF-GM4Q,,
OS-ECMF-GM4SQ,,
OS-ECMF-GM4T,,
OS-ECMF-GM4TXL,,
OS-ECMF-LV2F,,
OS-ECMF-LV2K,,
OS-ECMF-LV2Q,,
OS-ECMF-LV2SQ,,
OS-ECMF-LV2T,,
OS-ECMF-LV2TXL,,
OS-ECMF-LV4F,,
OS-ECMF-LV4K,,
OS-ECMF-LV4Q,,
OS-ECMF-LV4SQ,,
OS-ECMF-LV4T,,
OS-ECMF-LV4TXL,,
OS-FMPB-BKF,,
OS-FMPB-BKK,,
OS-FMPB-BKQ,,
OS-FMPB-WHF,,
OS-FMPB-WHK,,
OS-FMPB-WHQ,,
OS-FMS-6F+SPSC-14F,,
OS-FMS-6F+UCBXA-9F,,
OS-FMS-6F+UCBXB-9F,,
OS-FMS-6Q+SPSC-14Q,,
OS-FMS-6Q+UCBXA-9Q,,
OS-FMS-6Q+UCBXB-9Q,,
OS-FMS-6T+SPSC-14T,,
OS-FMS-6T+UCBXA-9T,,
OS-FMS-6T+UCBXB-9T,,
OS-FMS-10F+SPSC-14F,,
OS-FMS-10F+UCBXA-9F,,
OS-FMS-10F+UCBXB-9F,,
OS-FMS-10K+SPSC-14K,,
OS-FMS-10K+UCBXA-9K,,
OS-FMS-10K+UCBXB-9K,,
OS-FMS-10Q+SPSC-14Q,,
OS-FMS-10Q+UCBXA-9Q,,
OS-FMS-10Q+UCBXB-9Q,,
OS-FMS-10T+SPSC-14T,,
OS-FMS-10T+UCBXA-9T,,
OS-FMS-10T+UCBXB-9T,,
OS-FMS-12F+SPSC-14F,,
OS-FMS-12F+UCBXA-9F,,
OS-FMS-12F+UCBXB-9F,,
OS-FMS-12K+SPSC-14K,,
OS-FMS-12K+UCBXA-9K,,
OS-FMS-12K+UCBXB-9K,,
OS-FMS-12Q+SPSC-14Q,,
OS-FMS-12Q+UCBXA-9Q,,
OS-FMS-12Q+UCBXB-9Q,,
OS-FMS-12T+SPSC-14T,,
OS-FMS-8F+SPSC-14F,,
OS-FMS-8F+UCBXA-9F,,
OS-FMS-8F+UCBXB-9F,,
OS-FMS-8K+SPSC-14K,,
OS-FMS-8K+UCBXA-9K,,
OS-FMS-8K+UCBXB-9K,,
OS-FMS-8Q+SPSC-14Q,,
OS-FMS-8Q+UCBXA-9Q,,
OS-FMS-8Q+UCBXB-9Q,,
OS-FMS-8T+SPSC-14T,,
OS-FMS-8T+UCBXA-9T,,
OS-FMS-8T+UCBXB-9T,,
OS-FMS-S10F,,
OS-FMS-S10K,,
OS-FMS-S10Q,,
OS-FMS-S10T,,
OS-FMS-S12F,,
OS-FMS-S12K,,
OS-FMS-S12Q,,
OS-FMS-S12T,,
OS-FPB-BT-F,,
OS-FPB-BT-K,,
OS-FPB-BT-Q,,
OS-FPB-GT-F,,
OS-FPB-GT-K,,
OS-FPB-GT-Q,,
OS-GMT-1.5CK,,
OS-GMT-1.5F,,
OS-GMT-1.5K,,
OS-GMT-1.5Q,,
OS-GMT-1.5SQ,,
OS-GMT-1.5T,,
OS-GMT-1.5TXL,,
OS-GMT-3CK,,
OS-GMT-3F,,
OS-GMT-3K,,
OS-GMT-3Q,,
OS-GMT-3SQ,,
OS-GMT-3T,,
OS-GMT-3TXL,,
OS-GMT-4CK,,
OS-GMT-4F,,
OS-GMT-4K,,
OS-GMT-4Q,,
OS-GMT-4SQ,,
OS-GMT-4T,,
OS-GMT-4TXL,,
OS-GTMF-1.5FG,,
OS-GTMF-1.5QG,,
OS-GTMF-1.5SQG,,
OS-GTMF-1.5TG,,
OS-GTMF-1.5TXLG,,
OS-GTMF-4F,,
OS-GTMF-4K,,
OS-GTMF-4Q,,
OS-GTMF-4SQ,,
OS-GTMF-4T,,
OS-GTMF-4TXL,,
OS-HDSB-14F,,
OS-HDSB-14K,,
OS-HDSB-14Q,,
OS-HDSB-14T,,
OS-HDSB-14TXL,,
OS-HSPBC-10F,,
OS-HSPBC-10K,,
OS-HSPBC-10Q,,
OS-HSPBC-10T,,
OS-HSPBC-12F,,
OS-HSPBC-12K,,
OS-HSPBC-12Q,,
OS-HSPBC-12T,,
OS-HSPBC-8F,,
OS-HSPBC-8K,,
OS-HSPBC-8Q,,
OS-HSPBC-8T,,
OS-HSPMG-10F,,
OS-HSPMG-10 K,,
OS-HSPMG-8F,,
OS-HSPMG-8K,,
OS-HSPMG-8Q,,
OS-HSPMG-8T,,
OS-LGHB-12F,,
OS-LGHB-12K,,
OS-LGHB-12Q,,
OS-LGHB-12T,,
OS-LPB-GL-F,,
OS-LPB-GL-K,,
OS-LPB-GL-Q,,
OS-LPB-L-F,,
OS-LPB-L-K,,
OS-LPB-L-Q,,
OS-LVMF1.5F,,
OS-LVMF1.5Q,,
OS-LVMF1.5SQ,,
OS-LVMF1.5T,,
OS-LVMF1.5TXL,,
OS-LVMF4F,,
OS-LVMF4K,,
OS-LVMF4Q,,
OS-LVMF4SQ,,
OS-LVMF4T,,
OS-LVMF4TXL,,
OS-MBWS-14F,,
OS-MBWS-14K,,
OS-MBWS-14Q,,
OS-MBWS-14T,,
OS-MBWS-H14F,,
OS-MBWS-H14K,,
OS-MBWS-H14Q,,
OS-MBWS-H14T,,
OS-FM-KE-DGF,,
OS-FM-KE-DGK,,
OS-FM-KE-DGQ,,
OS-FM-KE-OGF,,
OS-FM-KE-OGK,,
OS-FM-KE-OGQ,,
OS-FM-KE-SCF,,
OS-FM-KE-SCK,,
OS-FM-KE-SCQ,,
OS-FM-NO-CGF,,
OS-FM-NO-CGQ,,
OS-FM-NO-CGT,,
OS-FM-NO-CGTXL,,
OS-MLFMS-10F,,
OS-MLFMS-10K,,
OS-MLFMS-10Q,,
OS-MLFMS-10T,,
OS-MLFMS-12F,,
OS-MLFMS-12K,,
OS-MLFMS-12Q,,
OS-MLFMS-12T,,
OS-MLFMS-14F,,
OS-MLFMS-14K,,
OS-MLFMS-14Q,,
OS-MLFMS-14T,,
OS-ML-FPB-AMF-LG,,
OS-ML-FPB-AMK-LG,,
OS-ML-FPB-AMQ-LG,,
OS-ML-FPB-JAF-CG,,
OS-ML-FPB-JAK-CG,,
OS-ML-FPB-JAQ-CG,,
OS-ML-FPB-MAF-DG,,
OS-ML-FPB-MAK-DG,,
OS-ML-FPB-MAQ-DG,,
OS-MLGM-10F,,
OS-MLGM-10K,,
OS-MLGM-10Q,,
OS-MLGM-10T,,
OS-MLGM-12F,,
OS-MLGM-12K,,
OS-MLGM-12Q,,
OS-MLGM-12T,,
OS-MLGM-14F,,
OS-MLGM-14K,,
OS-MLGM-14Q,,
OS-MLGM-14T,,
OS-MLSF-AD-LG-3P,,
OS-MLSF-AD-LG-LS,,
OS-MLSF-HA-BE-3P,,
OS-MLSF-HA-BE-LS,,
OS-MLSF-JU-DG-3P,,
OS-MLSF-JU-DG-LS,,
OS-MLSF-ME-LG-3P,,
OS-MLSF-ME-LG-LS,,
OS-MSH-MF10-F,,
OS-MSH-MF10-K,,
OS-MSH-MF10-Q,,
OS-MSH-MF10-T,,
OS-MSH-MF12-F,,
OS-MSH-MF12-K,,
OS-MSH-MF12-Q,,
OS-MSH-MF12-T,,
OS-MSH-MF8-F,,
OS-MSH-MF8-K,,
OS-MSH-MF8-Q,,
OS-MSH-MF8-T,,
OS-OLC-FMS-1000CK,,
OS-FMS-1000F,,
OS-MFM-10F+BF75F,,
OS-FMS-10F+BP-E-BKF,,
OS-MFM-10F+FB75F,,
OS-MFM-10F+NSB-F-FE,,
OS-FMS1000F+SB-14F-F,,
OS-FMS-1000K,,
OS-MFM-10K+BF75K,,
OS-FMS-10K+BP-E-BKK,,
OS-MFM-10K+FB75K,,
OS-MFM-10K+NSB-K-FE,,
OS-FMS1000K+SB-14K-F,,
OS-FMS-1000Q,,
OS-MFM-10Q+BF75Q,,
OS-FMS-10Q+BP-E-BKQ,,
OS-MFM-10Q+FB75Q,,
OS-MFM-10Q+NSB-Q-FE,,
OS-FMS1000Q+SB-14Q-F,,
OS-FMS-1000T,,
OS-MFM-10T+BF75T,,
OS-FMS-10T+BP-E-BKT,,
OS-MFM-10T+FB75T,,
OS-MFM-10T+NSB-T-FE,,
OS-FMS1000T+SB-14T-F,,
OS-OLC-FMS-1000TXL,,
OS-OLC-1200CK,,
OS-MFM-1200CK+BF75CK,,
OS-FMS-12CK+BPEBKCK,,
OSFMS1200CK+SB14CK-F,,
OS-OLC-1200F,,
OS-FMS-12F+BPEBKF,,
OS-OLC-1200K,,
OS-MFM-1200K+BF75K,,
OS-FMS-12K+BPEBKK,,
OS-MFM-1200Q+FB75K,,
OSMFM1200K+NSB-K-FE,,
OSFMS1200K+SB-14K-F,,
OS-OLC-1200Q,,
OS-MFM-1200Q+BF75Q,,
OS-FMS-12Q+BPEBKQ,,
OS-MFM-1200Q+FB75Q,,
OS-MFM-1200Q+FB75CK,,
OSMFM1200Q+NSB-Q-FE,,
OSFMS1200Q+SB-14Q-F,,
OS-OLC-1200T,,
OS-FMS-1400CK,,
OS-FMS-1400K,,
OS-FMS-1400Q,,
OS-DTL-23B-CR,,
OS-DTL-23B-PE,,
OS-DTL-23CC-G,,
OS-DTL-23FT-R,,
OS-DTL-23G-CM,,
OS-DTL-23G-SP,,
OS-DTL-23L-BP,,
OS-DTL-23L-DO,,
OS-DTL-23P-RN,,
OS-DTL-23P-SL,,
OS-DTL-23SB-Y,,
OS-DTL-23S-TT,,
OS-DTL-23S-UH,,
OS-DTL-23WB-B,,
OS-DTM-20B-CR,,
OS-DTM-20B-PE,,
OS-DTM-20G-CM,,
OS-DTM-20G-SP,,
OS-DTM-20L-BP,,
OS-DTM-20L-DO,,
OS-DTM-20P-RN,,
OS-DTM-20P-SL,,
OS-DTM-20S-TT,,
OS-DTM-20S-UH,,
OS-DTS-10CC-G,,
OS-DTS-10FT-R,,
OS-DTS-10SB-Y,,
OS-DTS-10WB-B,,
OS-PMBWS-10F,,
OS-PMBWS-10K,,
OS-PMBWS-10Q,,
OS-PMBWS-10T,,
OS-PMBWS-H10F,,
OS-PMBWS-H10K,,
OS-PMBWS-H10Q,,
OS-PMBWS-H10T,,
OS-PSP-10F,,
OS-PSP-10K,,
OS-PSP-10Q,,
OS-PSP-10T,,
OS-PSP-12F,,
OS-PSP-12K,,
OS-PSP-12Q,,
OS-PSP-12T,,
OS-PSP-8F,,
OS-PSP-8K,,
OS-PSP-8Q,,
OS-PSP-8T,,
OS-QMPW-14PF,,
OS-QMPW-14PK,,
OS-QMPW-14PQ,,
OS-QMPW-14PT,,
OS-QMPW-18F,,
OS-QMPW-18K,,
OS-QMPW-18Q,,
OS-QMPW-18T,,
OS-RNNS-BE,,
OS-RNNS-WH,,
OS-SHPB-HYF,,
OS-SHPB-HYK,,
OS-SHPB-HYQ,,
OS-SHPB-HYT,,
OS-SHPB-KAF,,
OS-SHPB-KAK,,
OS-SHPB-KAQ,,
OS-SHPB-KAT,,
OS-SQNS-BK,,
OS-SVSB-14F,,
OS-SVSB-14K,,
OS-SVSB-14T,,
OS-UCBXA-12F,,
OS-UCBXA-12K,,
OS-UCBXA-12Q,,
OS-UCBXA-12T,,
OS-UCBXA-9F,,
OS-UCBXA-9K,,
OS-UCBXA-9Q,,
OS-UCBXA-9T,,
OS-UCBXB-12F,,
OS-UCBXB-12K,,
OS-UCBXB-12Q,,
OS-UCBXB-12T,,
OS-UCBXB-9F,,
OS-UCBXB-9K,,
OS-UCBXB-9Q,,
OS-UCBXB-9T,,
OS-WGST-BE-F,,
OS-WGST-BE-Q,,
OS-WGST-F,,
OS-WGST-Q,,
