Supplier PartNo,,,"You can just copy and past a list from current feeding file - duplication is allowed; DO NOT copy the header, like 'Supplier Part#' -."
WF-WGST-T,,,
WF-WGST-T,,,
WF-WGST-BE-Q,,,
WF-WGST-BE-Q,,,
WF-WGST-BE-F,,,
WF-WGST-BE-F,,,
WA-WGST-Q,,,
WA-WGST-Q,,,
WA-WGST-F,,,
WA-WGST-F,,,
WA-UCBXB-9T,,,
WA-UCBXB-9T,,,
WA-UCBXB-9Q,,,
WA-UCBXB-9Q,,,
WA-UCBXB-9K,,,
WA-UCBXB-9K,,,
WA-UCBXB-9F,,,
WA-UCBXB-9F,,,
WA-UCBXB-12T,,,
WA-UCBXB-12T,,,
WA-UCBXB-12Q,,,
WA-UCBXB-12Q,,,
WA-UCBXB-12K,,,
WA-UCBXB-12K,,,
WA-UCBXB-12F,,,
WA-UCBXB-12F,,,
WA-UCBXA-9T,,,
WA-UCBXA-9T,,,
WA-UCBXA-9Q,,,
WA-UCBXA-9Q,,,
WA-UCBXA-9K,,,
WA-UCBXA-9K,,,
WA-UCBXA-9F,,,
WA-UCBXA-9F,,,
WA-UCBXA-12T,,,
WA-UCBXA-12T,,,
WA-UCBXA-12Q,,,
WA-UCBXA-12Q,,,
WA-UCBXA-12K,,,
WA-UCBXA-12K,,,
WA-UCBXA-12F,,,
WA-UCBXA-12F,,,
WA-SWPB-12TGN,,,
WA-SWPB-12TGN,,,
WA-SWPB-12TGE,,,
WA-SWPB-12TGE,,,
WA-SWPB-12TGC,,,
WA-SWPB-12TGC,,,
WA-SWPB-12QGN,,,
WA-SWPB-12QGN,,,
WA-SWPB-12QGE,,,
WA-SWPB-12QGE,,,
WA-SWPB-12QGC,,,
WA-SWPB-12QGC,,,
WA-SWPB-12KGN,,,
WA-SWPB-12KGN,,,
WA-SWPB-12KGE,,,
WA-SWPB-12KGE,,,
WA-SWPB-12KGC,,,
WA-SWPB-12KGC,,,
WA-SWPB-12FGN,,,
WA-SWPB-12FGN,,,
WA-SWPB-12FGE,,,
WA-SWPB-12FGE,,,
WA-SWPB-12FGC,,,
WA-SQNS-BK,,,
WA-SQNS-BK,,,
WA-SPSC-18T,,,
WA-SPSC-18T,,,
WA-SPSC-18Q,,,
WA-SPSC-18Q,,,
WA-SPSC-18K,,,
WA-SPSC-18K,,,
WA-SPSC-18F,,,
WA-SPSC-18F,,,
WA-SPSC-14TXL,,,
WA-SPSC-14TXL,,,
WA-SPSC-14CK,,,
WA-SPSC-14CK,,,
WA-SP-80T,,,
WA-SP-80T,,,
WA-SP-80Q,,,
WA-SP-80Q,,,
WA-SP-80K,,,
WA-SP-80K,,,
WA-SP-80F,,,
WA-SP-80F,,,
WA-SP-10T,,,
WA-SP-10T,,,
WA-SP-10Q,,,
WA-SP-10Q,,,
WA-SP-10F,,,
WA-SP-10F,,,
WA-SHPB-KAT,,,
WA-SHPB-KAT,,,
WA-SHPB-KAQ,,,
WA-SHPB-KAQ,,,
WA-SHPB-KAK,,,
WA-SHPB-KAK,,,
WA-SHPB-KAF,,,
WA-SHPB-KAF,,,
WA-SHPB-HYT,,,
WA-SHPB-HYT,,,
WA-SHPB-HYQ,,,
WA-SHPB-HYQ,,,
WA-SHPB-HYK,,,
WA-SHPB-HYK,,,
WA-SHPB-HYF,,,
WA-SHPB-HYF,,,
WA-SC-10K,,,
WA-SC-10K,,,
WA-SB18-TXL,,,
WA-SB18-TXL,,,
WA-SB18-T,,,
WA-SB18-T,,,
WA-SB18-Q,,,
WA-SB18-Q,,,
WA-SB18-K,,,
WA-SB18-K,,,
WA-SB18-F,,,
WA-SB18-F,,,
WA-SB18-CK,,,
WA-SB18-CK,,,
WA-SB-14TXL-F,,,
WA-SB-14TXL-F,,,
WA-RNNS-WH,,,
WA-RNNS-WH,,,
WA-RNNS-BK,,,
WA-RNNS-BK,,,
WA-RNNS-BE,,,
WA-RNNS-BE,,,
WA-QMPW-18T,,,
WA-QMPW-18T,,,
WA-QMPW-18Q,,,
WA-QMPW-18Q,,,
WA-QMPW-18K,,,
WA-QMPW-18K,,,
WA-QMPW-18F,,,
WA-QMPW-18F,,,
WA-QMPW-14PT,,,
WA-QMPW-14PT,,,
WA-QMPW-14PQ,,,
WA-QMPW-14PQ,,,
WA-QMPW-14PK,,,
WA-QMPW-14PK,,,
WA-QMPW-14PF,,,
WA-QMPW-14PF,,,
WA-PSP-8T,,,
WA-PSP-8T,,,
WA-PSP-8Q,,,
WA-PSP-8Q,,,
WA-PSP-8K,,,
WA-PSP-8K,,,
WA-PSP-8F,,,
WA-PSP-8F,,,
WA-PSP-12T,,,
WA-PSP-12T,,,
WA-PSP-12Q,,,
WA-PSP-12Q,,,
WA-PSP-12K,,,
WA-PSP-12K,,,
WA-PSP-12F,,,
WA-PSP-12F,,,
WA-PSP-10T,,,
WA-PSP-10T,,,
WA-PSP-10Q,,,
WA-PSP-10Q,,,
WA-PSP-10K,,,
WA-PSP-10K,,,
WA-PSP-10F,,,
WA-PSP-10F,,,
WA-PMBWS-H10T,,,
WA-PMBWS-H10T,,,
WA-PMBWS-H10Q,,,
WA-PMBWS-H10Q,,,
WA-PMBWS-H10K,,,
WA-PMBWS-H10K,,,
WA-PMBWS-H10F,,,
WA-PMBWS-H10F,,,
WA-PMBWS-10T,,,
WA-PMBWS-10T,,,
WA-PMBWS-10Q,,,
WA-PMBWS-10Q,,,
WA-PMBWS-10K,,,
WA-PMBWS-10K,,,
WA-PMBWS-10F,,,
WA-OT-45F-SB,,,
WA-OT-45F-SB,,,
WA-OT-45F-RR,,,
WA-OT-45FP-GR,,,
WA-OT-45FP-BR,,,
WA-OT-45F-OP,,,
WA-OT-45F-OP,,,
WA-OT-45F-MT,,,
WA-OT-45F-MT,,,
WA-OT-45F-LM,,,
WA-OT-45F-LM,,,
WA-OT-45F-LG,,,
WA-OT-45F-LG,,,
WA-OT-45F-DG,,,
WA-OT-45F-DG,,,
WA-OT-45F-BR,,,
WA-OT-45F-BR,,,
WA-OT-45F-BE,,,
WA-OT-45F-BE,,,
WA-OT-30F-SB,,,
WA-OT-30F-SB,,,
WA-OT-30F-RR,,,
WA-OT-30FP-GR,,,
WA-OT-30FP-GR,,,
WA-OT-30F-OP,,,
WA-OT-30F-OP,,,
WA-OT-30F-MT,,,
WA-OT-30F-MT,,,
WA-OT-30F-LM,,,
WA-OT-30F-LM,,,
WA-OT-30F-LG,,,
WA-OT-30F-LG,,,
WA-OT-30F-DG,,,
WA-OT-30F-DG,,,
WA-OT-30F-BR,,,
WA-OT-30F-BR,,,
WA-OT-30F-BE,,,
WA-OT-30F-BE,,,
WA-OT-30F-AO,,,
WA-OT-30F-AO,,,
WA-OT-30BS-FLG,,,
WA-OT-30BS-FLG,,,
WA-OT-30BS-FDG,,,
WA-OT-30BS-FDG,,,
WA-OT-30BS-CH,,,
WA-OT-30BS-CH,,,
WA-OT-30BS-BK,,,
WA-OT-30BS-BK,,,
WA-NCMFT-4TXL,,,
WA-NCMFT-4TXL,,,
WA-NCMFT-4T,,,
WA-NCMFT-4T,,,
WA-NCMFT-4SQ,,,
WA-NCMFT-4SQ,,,
WA-NCMFT-4Q,,,
WA-NCMFT-4Q,,,
WA-NCMFT-4K,,,
WA-NCMFT-4K,,,
WA-NCMFT-4F,,,
WA-NCMFT-4F,,,
WA-NCMFT-4CK,,,
WA-NCMFT-4CK,,,
WA-MMP-ST,,,
WA-MMP-ST,,,
WA-MLSF-ME-LG-LS,,,
WA-MLSF-ME-LG-LS,,,
WA-MLSF-ME-LG-3P,,,
WA-MLSF-ME-LG-3P,,,
WA-MLSF-JU-DG-LS,,,
WA-MLSF-JU-DG-LS,,,
WA-MLSF-JU-DG-3P,,,
WA-MLSF-JU-DG-3P,,,
WA-MLSF-HA-BE-LS,,,
WA-MLSF-HA-BE-LS,,,
WA-MLSF-HA-BE-3P,,,
WA-MLSF-HA-BE-3P,,,
WA-MLSF-AD-LG-LS,,,
WA-MLSF-AD-LG-LS,,,
WA-MLSF-AD-LG-3P,,,
WA-MLSF-AD-LG-3P,,,
WA-MLGM-14T,,,
WA-MLGM-14T,,,
WA-MLGM-14Q,,,
WA-MLGM-14Q,,,
WA-MLGM-14K,,,
WA-MLGM-14K,,,
WA-MLGM-14F,,,
WA-MLGM-14F,,,
WA-MLGM-12T,,,
WA-MLGM-12T,,,
WA-MLGM-12Q,,,
WA-MLGM-12Q,,,
WA-MLGM-12K,,,
WA-MLGM-12K,,,
WA-MLGM-12F,,,
WA-MLGM-12F,,,
WA-MLGM-10T,,,
WA-MLGM-10T,,,
WA-MLGM-10Q,,,
WA-MLGM-10Q,,,
WA-MLGM-10K,,,
WA-MLGM-10K,,,
WA-MLGM-10F,,,
WA-MLGM-10F,,,
WA-ML-FPB-MAQ-DG,,,
WA-ML-FPB-MAQ-DG,,,
WA-ML-FPB-MAK-DG,,,
WA-ML-FPB-MAK-DG,,,
WA-ML-FPB-MAF-DG,,,
WA-ML-FPB-MAF-DG,,,
WA-ML-FPB-JAQ-CG,,,
WA-ML-FPB-JAQ-CG,,,
WA-ML-FPB-JAK-CG,,,
WA-ML-FPB-JAK-CG,,,
WA-ML-FPB-JAF-CG,,,
WA-ML-FPB-JAF-CG,,,
WA-ML-FPB-AMQ-LG,,,
WA-ML-FPB-AMQ-LG,,,
WA-ML-FPB-AMK-LG,,,
WA-ML-FPB-AMK-LG,,,
WA-ML-FPB-AMF-LG,,,
WA-ML-FPB-AMF-LG,,,
WA-MLFMS-14T,,,
WA-MLFMS-14T,,,
WA-MLFMS-14Q,,,
WA-MLFMS-14Q,,,
WA-MLFMS-14K,,,
WA-MLFMS-14K,,,
WA-MLFMS-14F,,,
WA-MLFMS-14F,,,
WA-MLFMS-12T,,,
WA-MLFMS-12T,,,
WA-MLFMS-12Q,,,
WA-MLFMS-12Q,,,
WA-MLFMS-12K,,,
WA-MLFMS-12K,,,
WA-MLFMS-12F,,,
WA-MLFMS-12F,,,
WA-MLFMS-10T,,,
WA-MLFMS-10T,,,
WA-MLFMS-10Q,,,
WA-MLFMS-10Q,,,
WA-MLFMS-10K,,,
WA-MLFMS-10K,,,
WA-MLFMS-10F,,,
WA-MLFMS-10F,,,
WA-MFT-2TXL-L,,,
WA-MFT-2TXL-L,,,
WA-MFT-2TXL-G,,,
WA-MFT-2TXL-G,,,
WA-MFT-2TXL,,,
WA-MFT-2TXL,,,
WA-MFT-2T-L,,,
WA-MFT-2T-L,,,
WA-MFT-2T-G,,,
WA-MFT-2T-G,,,
WA-MFT-2SQ-L,,,
WA-MFT-2SQ-L,,,
WA-MFT-2SQ-G,,,
WA-MFT-2SQ-G,,,
WA-MFT-2SQ,,,
WA-MFT-2SQ,,,
WA-MFT-2Q-L,,,
WA-MFT-2Q-L,,,
WA-MFT-2Q-G,,,
WA-MFT-2Q-G,,,
WA-MFT-2K-L,,,
WA-MFT-2K-L,,,
WA-MFT-2K-G,,,
WA-MFT-2K-G,,,
WA-MFT-2F-L,,,
WA-MFT-2F-L,,,
WA-MFT-2F-G,,,
WA-MFT-2F-G,,,
WA-MBWS-H14T,,,
WA-MBWS-H14T,,,
WA-MBWS-H14Q,,,
WA-MBWS-H14Q,,,
WA-MBWS-H14K,,,
WA-MBWS-H14K,,,
WA-MBWS-H14F,,,
WA-MBWS-H14F,,,
WA-MBWS-14T,,,
WA-MBWS-14T,,,
WA-MBWS-14Q,,,
WA-MBWS-14Q,,,
WA-MBWS-14K,,,
WA-MBWS-14K,,,
WA-MBWS-14F,,,
WA-MBWS-14F,,,
WA-MAT-PW,,,
WA-MAT-PW,,,
WA-LVMF4TXL,,,
WA-LVMF4TXL,,,
WA-LVMF4T,,,
WA-LVMF4T,,,
WA-LVMF4SQ,,,
WA-LVMF4SQ,,,
WA-LVMF4Q,,,
WA-LVMF4Q,,,
WA-LVMF4K,,,
WA-LVMF4K,,,
WA-LVMF4F,,,
WA-LVMF4F,,,
WA-LVMF1.5TXL,,,
WA-LVMF1.5TXL,,,
WA-LVMF1.5T,,,
WA-LVMF1.5T,,,
WA-LVMF1.5SQ,,,
WA-LVMF1.5Q,,,
WA-LVMF1.5Q,,,
WA-LVMF1.5F,,,
WA-LVMF1.5F,,,
WA-LPB-L-Q,,,
WA-LPB-L-K,,,
WA-LPB-L-F,,,
WA-LPB-GL-Q,,,
WA-LPB-GL-K,,,
WA-LPB-GL-F,,,
WA-LGHB-14T,,,
WA-LGHB-14T,,,
WA-LGHB-14Q,,,
WA-LGHB-14Q,,,
WA-LGHB-14K,,,
WA-LGHB-14K,,,
WA-LGHB-14F,,,
WA-LGHB-14F,,,
WA-LGHB-12T,,,
WA-LGHB-12T,,,
WA-LGHB-12Q,,,
WA-LGHB-12Q,,,
WA-LGHB-12K,,,
WA-LGHB-12K,,,
WA-LGHB-12F,,,
WA-LGHB-12F,,,
WA-LGHB-10T,,,
WA-LGHB-10T,,,
WA-LGHB-10Q,,,
WA-LGHB-10Q,,,
WA-LGHB-10K,,,
WA-LGHB-10K,,,
WA-LGHB-10F,,,
WA-LGHB-10F,,,
WA-HSPMG-8T,,,
WA-HSPMG-8T,,,
WA-HSPMG-8Q,,,
WA-HSPMG-8Q,,,
WA-HSPMG-8K,,,
WA-HSPMG-8K,,,
WA-HSPMG-8F,,,
WA-HSPMG-8F,,,
WA-HSPBC-8T,,,
WA-HSPBC-8T,,,
WA-HSPBC-8Q,,,
WA-HSPBC-8Q,,,
WA-HSPBC-8K,,,
WA-HSPBC-8K,,,
WA-HSPBC-8F,,,
WA-HSPBC-8F,,,
WA-HSPBC-12T,,,
WA-HSPBC-12T,,,
WA-HSPBC-12Q,,,
WA-HSPBC-12Q,,,
WA-HSPBC-12K,,,
WA-HSPBC-12K,,,
WA-HSPBC-12F,,,
WA-HSPBC-12F,,,
WA-HSPBC-10T,,,
WA-HSPBC-10T,,,
WA-HSPBC-10Q,,,
WA-HSPBC-10Q,,,
WA-HSPBC-10K,,,
WA-HSPBC-10K,,,
WA-HSPBC-10F,,,
WA-HSPBC-10F,,,
WA-HRSD-TXL,,,
WA-HRSD-TXL,,,
WA-HRSD-T,,,
WA-HRSD-T,,,
WA-HRSD-Q,,,
WA-HRSD-Q,,,
WA-HRSD-F,,,
WA-HRSD-F,,,
WA-HRB-TXL,,,
WA-HRB-TXL,,,
WA-HRB-T,,,
WA-HRB-T,,,
WA-HRB-Q,,,
WA-HRB-Q,,,
WA-HRB-F,,,
WA-HRB-F,,,
WA-HP-BKTXL,,,
WA-HP-BKTXL,,,
WA-HP-BKQ,,,
WA-HP-BKQ,,,
WA-HMA-TXL,,,
WA-HMA-TXL,,,
WA-HMA-T,,,
WA-HMA-T,,,
WA-HMA-Q,,,
WA-HMA-Q,,,
WA-HMA-F,,,
WA-HMA-F,,,
WA-GTMF-4TXL,,,
WA-GTMF-4TXL,,,
WA-GTMF-4T,,,
WA-GTMF-4T,,,
WA-GTMF-4SQ,,,
WA-GTMF-4SQ,,,
WA-GTMF-4Q,,,
WA-GTMF-4Q,,,
WA-GTMF-4K,,,
WA-GTMF-4K,,,
WA-GTMF-4F,,,
WA-GTMF-4F,,,
WA-GTMF-1.5TXLG,,,
WA-GTMF-1.5TXLG,,,
WA-GTMF-1.5TG,,,
WA-GTMF-1.5TG,,,
WA-GTMF-1.5SQG,,,
WA-GTMF-1.5SQG,,,
WA-GTMF-1.5QG,,,
WA-GTMF-1.5QG,,,
WA-GTMF-1.5FG,,,
WA-GTMF-1.5FG,,,
WA-GMT4XL,,,
WA-GMT4XL,,,
WA-GMT4T,,,
WA-GMT4T,,,
WA-GMT4SQ,,,
WA-GMT4SQ,,,
WA-GMT4Q,,,
WA-GMT4Q,,,
WA-GMT4K,,,
WA-GMT4K,,,
WA-GMT4F,,,
WA-GMT4F,,,
WA-GMT4CK,,,
WA-GMT4CK,,,
WA-GMT3XL,,,
WA-GMT3XL,,,
WA-GMT3T,,,
WA-GMT3T,,,
WA-GMT3SQ,,,
WA-GMT3SQ,,,
WA-GMT3Q,,,
WA-GMT3Q,,,
WA-GMT3K,,,
WA-GMT3K,,,
WA-GMT3F,,,
WA-GMT3F,,,
WA-GMT3CK,,,
WA-GMT3CK,,,
WA-GMT1.5TXL,,,
WA-GMT1.5TXL,,,
WA-GMT1.5T,,,
WA-GMT1.5T,,,
WA-GMT1.5SQ,,,
WA-GMT1.5SQ,,,
WA-GMT1.5Q,,,
WA-GMT1.5Q,,,
WA-GMT1.5K,,,
WA-GMT1.5K,,,
WA-GMT1.5F,,,
WA-GMT1.5F,,,
WA-GMT1.5CK,,,
WA-GMT1.5CK,,,
WA-GM-9T+NSB-14T-FE,,,
WA-GM-9T+NSB-14T-FE,,,
WA-GM-9T+BPM-SPSC-14T,,,
WA-GM-9T+BPM-SPSC-14T,,,
WA-GM-9T+BPM-SB-14T-F,,,
WA-GM-9T+BPM-SB-14T-F,,,
WA-GM-9T+BPM-SB-14T,,,
WA-GM-9T+BPM-SB-14T,,,
WA-GM-9T+BFBS75T,,,
WA-GM-9T+BFBS75T,,,
WA-GM-9T,,,
WA-GM-9T,,,
WA-GM-9Q+NSB-14Q-FE,,,
WA-GM-9Q+NSB-14Q-FE,,,
WA-GM-9Q+BPM-SPSC-14Q,,,
WA-GM-9Q+BPM-SPSC-14Q,,,
WA-GM-9Q+BPM-SB-14Q-F,,,
WA-GM-9Q+BPM-SB-14Q-F,,,
WA-GM-9Q+BPM-SB-14Q,,,
WA-GM-9Q+BPM-SB-14Q,,,
WA-GM-9Q+BFBS75Q,,,
WA-GM-9Q+BFBS75Q,,,
WA-GM-9K+SPSC-14K,,,
WA-GM-9K+SPSC-14K,,,
WA-GM-9K+NSB-14K-FE,,,
WA-GM-9K+NSB-14K-FE,,,
WA-GM-9F+SPSC-14F,,,
WA-GM-9F+SPSC-14F,,,
WA-GM-9F+NSB-14F-FE,,,
WA-GM-9F+NSB-14F-FE,,,
WA-GM-9F+BPM-SB-14F-F,,,
WA-GM-9F+BPM-SB-14F,,,
WA-GM-9F+BPM-SB-14F,,,
WA-GM-9F+BFBS75F,,,
WA-GM-9F+BFBS75F,,,
WA-GM-9F,,,
WA-GM-9F,,,
WA-GM-7T+SPSC-14T,,,
WA-GM-7T+SPSC-14T,,,
WA-GM-7T+SB-14T-F,,,
WA-GM-7T+SB-14T-F,,,
WA-GM-7T+NSB-14T-FE,,,
WA-GM-7T+NSB-14T-FE,,,
WA-GM-7T+BFBS75T,,,
WA-GM-7T+BFBS75T,,,
WA-GM-7Q+SPSC-14Q,,,
WA-GM-7Q+SPSC-14Q,,,
WA-GM-7Q+SB-14Q-F,,,
WA-GM-7Q+SB-14Q-F,,,
WA-GM-7Q+SB-14Q,,,
WA-GM-7Q+SB-14Q,,,
WA-GM-7Q+NSB-14Q-FE,,,
WA-GM-7Q+NSB-14Q-FE,,,
WA-GM-7Q+BFBS75Q,,,
WA-GM-7Q+BFBS75Q,,,
WA-GM-7F+SB-14F-F,,,
WA-GM-7F+SB-14F-F,,,
WA-GM-7F+SB-14F,,,
WA-GM-7F+NSB-14F-FE,,,
WA-GM-7F+NSB-14F-FE,,,
WA-GM-7F+BPM-SPSC-14F,,,
WA-GM-7F+BPM-SPSC-14F,,,
WA-GM-7F+BFBS75F,,,
WA-GM-7F+BFBS75F,,,
WA-GM-2.5TXL,,,
WA-GM-2.5TXL,,,
WA-GM-2.5T,,,
WA-GM-2.5T,,,
WA-GM-2.5SQ,,,
WA-GM-2.5SQ,,,
WA-GM-2.5Q,,,
WA-GM-2.5Q,,,
WA-GM-2.5K,,,
WA-GM-2.5K,,,
WA-GM-2.5F,,,
WA-GM-2.5F,,,
WA-GM-11T+BPM-SPSC-14T,,,
WA-GM-11T+BPM-SPSC-14T,,,
WA-GM-11T,,,
WA-GM-11T,,,
WA-GM-11Q+BPM-SPSC-14Q,,,
WA-GM-11Q+BPM-SPSC-14Q,,,
WA-GM-11Q,,,
WA-GM-11Q,,,
WA-GM-11K+BPM-SPSC-14K,,,
WA-GM-11K+BPM-SPSC-14K,,,
WA-GM-11F+BPM-SPSC-14F,,,
WA-GM-11F+BPM-SPSC-14F,,,
WA-GM-11F,,,
WA-GM-11F,,,
WA-GIM-9K,,,
WA-GIM-9K,,,
WA-GIM-11K,,,
WA-GIM-11K,,,
WA-FPB-GT-Q,,,
WA-FPB-GT-K,,,
WA-FMS-S14Q,,,
WA-FMS-S14Q,,,
WA-FMS-S14K,,,
WA-FMS-S14K,,,
WA-FMS-S14CK,,,
WA-FMS-S14CK,,,
WA-FMS-S12T,,,
WA-FMS-S12T,,,
WA-FMS-S12Q,,,
WA-FMS-S12Q,,,
WA-FMS-S12K,,,
WA-FMS-S12K,,,
WA-FMS-S12F,,,
WA-FMS-S12F,,,
WA-FMS-S10T,,,
WA-FMS-S10T,,,
WA-FMS-S10Q,,,
WA-FMS-S10Q,,,
WA-FMS-S10K,,,
WA-FMS-S10K,,,
WA-FMS-S10F,,,
WA-FMS-S10F,,,
WA-FMS-8T+SPSC-14T,,,
WA-FMS-8T+SPSC-14T,,,
WA-FMS-8T+FBS-7.5T,,,
WA-FMS-8T+FBS-7.5T,,,
WA-FMS-8Q+SPSC-14Q,,,
WA-FMS-8Q+SPSC-14Q,,,
WA-FMS-8Q+FBS-7.5Q,,,
WA-FMS-8Q+FBS-7.5Q,,,
WA-FMS-8K+SPSC-14K,,,
WA-FMS-8K+SPSC-14K,,,
WA-FMS-8K+FBS-7.5K,,,
WA-FMS-8K+FBS-7.5K,,,
WA-FMS-8F+SPSC-14F,,,
WA-FMS-8F+SPSC-14F,,,
WA-FMS-8F+FBS-7.5F,,,
WA-FMS-8F+FBS-7.5F,,,
WA-FMS-1400Q,,,
WA-FMS-1400Q,,,
WA-FMS-1400K,,,
WA-FMS-1400K,,,
WA-FMS-1400CK,,,
WA-FMS-1400CK,,,
WA-FMS-1000TXL,,,
WA-FMS-1000TXL,,,
WA-FMS-1000CK,,,
WA-FMS-1000CK,,,
WA-FMS-0600TXL,,,
WA-FMS-0600TXL,,,
WA-FMS-0600SRQ,,,
WA-FMS-0600SRQ,,,
WA-FMS-0600K,,,
WA-FMS-0600K,,,
WA-FMPB-WHQ,,,
WA-FMPB-WHQ,,,
WA-FMPB-WHK,,,
WA-FMPB-WHK,,,
WA-FMPB-WHF,,,
WA-FMPB-WHF,,,
WA-FMPB-BKQ,,,
WA-FMPB-BKQ,,,
WA-FMPB-BKK,,,
WA-FMPB-BKK,,,
WA-FMPB-BKF,,,
WA-FMPB-BKF,,,
WA-FM-NO-CGTXL,,,
WA-FM-NO-CGTXL,,,
WA-FM-NO-CGT,,,
WA-FM-NO-CGT,,,
WA-FM-NO-CGQ,,,
WA-FM-NO-CGQ,,,
WA-FM-NO-CGF,,,
WA-FM-NO-CGF,,,
WA-FM-KE-SCQ,,,
WA-FM-KE-SCQ,,,
WA-FM-KE-SCK,,,
WA-FM-KE-SCK,,,
WA-FM-KE-SCF,,,
WA-FM-KE-SCF,,,
WA-FM-KE-OGQ,,,
WA-FM-KE-OGQ,,,
WA-FM-KE-OGK,,,
WA-FM-KE-OGK,,,
WA-FM-KE-OGF,,,
WA-FM-KE-OGF,,,
WA-FM-KE-DGQ,,,
WA-FM-KE-DGQ,,,
WA-FM-KE-DGK,,,
WA-FM-KE-DGK,,,
WA-FM-KE-DGF,,,
WA-FM-KE-DGF,,,
WA-E-WHTXL,,,
WA-E-WHTXL,,,
WA-E-WHT,,,
WA-E-WHT,,,
WA-E-WHQ,,,
WA-E-WHQ,,,
WA-E-WHK,,,
WA-E-WHK,,,
WA-E-WHF,,,
WA-E-WHF,,,
WA-E-WHCK,,,
WA-E-WHCK,,,
WA-ESFBF-WHTXL,,,
WA-ESFBF-WHTXL,,,
WA-ESFBF-WHT,,,
WA-ESFBF-WHT,,,
WA-ESFBF-WHQ,,,
WA-ESFBF-WHQ,,,
WA-ESFBF-WHF,,,
WA-ESFBF-WHF,,,
WA-ESFBF-TXL,,,
WA-ESFBF-TXL,,,
WA-ESFBF-T,,,
WA-ESFBF-T,,,
WA-ESFBF-Q,,,
WA-ESFBF-Q,,,
WA-ESFBF-K,,,
WA-ESFBF-K,,,
WA-ESFBF-F,,,
WA-ESFBF-F,,,
WA-ESFBF-CK,,,
WA-ESFBF-CK,,,
WA-EH03-RT,,,
WA-EH03-RT,,,
WA-EH03-RQ,,,
WA-EH03-RQ,,,
WA-EH03-RK,,,
WA-EH03-RK,,,
WA-EH03-RF,,,
WA-EH03-RF,,,
WA-EH02-T,,,
WA-EH02-T,,,
WA-EH02-Q,,,
WA-EH02-Q,,,
WA-EH02-K,,,
WA-EH02-K,,,
WA-EH02-F,,,
WA-EH02-F,,,
WA-EH01-10T,,,
WA-EH01-10T,,,
WA-EH01-10Q,,,
WA-EH01-10Q,,,
WA-EH01-10K,,,
WA-EH01-10K,,,
WA-EH01-10F,,,
WA-EH01-10F,,,
WA-ECMF-LV4TXL,,,
WA-ECMF-LV4TXL,,,
WA-ECMF-LV4T,,,
WA-ECMF-LV4T,,,
WA-ECMF-LV4SQ,,,
WA-ECMF-LV4SQ,,,
WA-ECMF-LV4Q,,,
WA-ECMF-LV4Q,,,
WA-ECMF-LV4K,,,
WA-ECMF-LV4K,,,
WA-ECMF-LV4F,,,
WA-ECMF-LV4F,,,
WA-ECMF-LV2TXL,,,
WA-ECMF-LV2TXL,,,
WA-ECMF-LV2T,,,
WA-ECMF-LV2T,,,
WA-ECMF-LV2SQ,,,
WA-ECMF-LV2SQ,,,
WA-ECMF-LV2Q,,,
WA-ECMF-LV2Q,,,
WA-ECMF-LV2K,,,
WA-ECMF-LV2K,,,
WA-ECMF-LV2F,,,
WA-ECMF-LV2F,,,
WA-ECMF-GM4TXL,,,
WA-ECMF-GM4TXL,,,
WA-ECMF-GM4T,,,
WA-ECMF-GM4T,,,
WA-ECMF-GM4SQ,,,
WA-ECMF-GM4SQ,,,
WA-ECMF-GM4Q,,,
WA-ECMF-GM4Q,,,
WA-ECMF-GM4K,,,
WA-ECMF-GM4K,,,
WA-ECMF-GM4F,,,
WA-ECMF-GM4F,,,
WA-ECMF-C30T,,,
WA-ECMF-C30T,,,
WA-ECMF-C30Q,,,
WA-ECMF-C30Q,,,
WA-ECMF-C30K,,,
WA-ECMF-C30K,,,
WA-ECMF-C30F,,,
WA-ECMF-C30F,,,
WA-ECMF-03TXLL,,,
WA-ECMF-03TXLL,,,
WA-ECMF-03TL,,,
WA-ECMF-03TL,,,
WA-ECMF-03SQL,,,
WA-ECMF-03SQL,,,
WA-ECMF-03QL,,,
WA-ECMF-03QL,,,
WA-ECMF-03KL,,,
WA-ECMF-03KL,,,
WA-ECMF-03FL,,,
WA-ECMF-03FL,,,
WA-ECGTMF-4TXL,,,
WA-ECGTMF-4TXL,,,
WA-ECGTMF-4T,,,
WA-ECGTMF-4T,,,
WA-ECGTMF-4SQ,,,
WA-ECGTMF-4SQ,,,
WA-ECGTMF-4Q,,,
WA-ECGTMF-4Q,,,
WA-ECGTMF-4K,,,
WA-ECGTMF-4K,,,
WA-ECGTMF-4F,,,
WA-ECGTMF-4F,,,
WA-ECBCMF-4TXL,,,
WA-ECBCMF-4TXL,,,
WA-ECBCMF-4T,,,
WA-ECBCMF-4T,,,
WA-ECBCMF-4SQ,,,
WA-ECBCMF-4SQ,,,
WA-ECBCMF-4Q,,,
WA-ECBCMF-4Q,,,
WA-ECBCMF-4K,,,
WA-ECBCMF-4K,,,
WA-ECBCMF-4F,,,
WA-ECBCMF-4F,,,
WA-E-BKTXL,,,
WA-E-BKTXL,,,
WA-E-BKT,,,
WA-E-BKT,,,
WA-E-BKQ,,,
WA-E-BKQ,,,
WA-E-BKF,,,
WA-E-BKF,,,
WA-E-BKCK,,,
WA-E-BKCK,,,
WA-DT-KB-TE12,,,
WA-DT-KB-TE12,,,
WA-DT-KB-AS6,,,
WA-DB-BK,,,
WA-DB-BK,,,
WA-C-WHTXL,,,
WA-C-WHTXL,,,
WA-C-WHT,,,
WA-C-WHT,,,
WA-C-WHQ,,,
WA-C-WHQ,,,
WA-C-WHK,,,
WA-C-WHK,,,
WA-C-WHF,,,
WA-C-WHF,,,
WA-C-WHCK,,,
WA-C-WHCK,,,
WA-CSWPB-H14TB,,,
WA-CSWPB-H14TB,,,
WA-CSWPB-H14QB,,,
WA-CSWPB-H14QB,,,
WA-CSWPB-H14KB,,,
WA-CSWPB-H14KB,,,
WA-CSWPB-H14FB,,,
WA-CSWPB-H14FB,,,
WA-CSWPB-12TN,,,
WA-CSWPB-12TN,,,
WA-CSWPB-12TE,,,
WA-CSWPB-12TE,,,
WA-CSWPB-12TC,,,
WA-CSWPB-12TC,,,
WA-CSWPB-12QN,,,
WA-CSWPB-12QN,,,
WA-CSWPB-12QE,,,
WA-CSWPB-12QE,,,
WA-CSWPB-12QC,,,
WA-CSWPB-12QC,,,
WA-CSWPB-12KN,,,
WA-CSWPB-12KN,,,
WA-CSWPB-12KE,,,
WA-CSWPB-12KE,,,
WA-CSWPB-12KC,,,
WA-CSWPB-12KC,,,
WA-CSWPB-12FN,,,
WA-CSWPB-12FN,,,
WA-CSWPB-12FE,,,
WA-CSWPB-12FE,,,
WA-CSWPB-12FC,,,
WA-CSWPB-12FC,,,
WA-CHFM-WHQ,,,
WA-CHFM-WHQ,,,
WA-CHFM-WHK,,,
WA-CHFM-WHK,,,
WA-CHFM-WHF,,,
WA-CHFM-WHF,,,
WA-CHFM-GRQ,,,
WA-CHFM-GRQ,,,
WA-CHFM-GRK,,,
WA-CHFM-GRK,,,
WA-CHFM-GRF,,,
WA-CHFM-GRF,,,
WA-C-BKTXL,,,
WA-C-BKT,,,
WA-C-BKT,,,
WA-C-BKQ,,,
WA-C-BKQ,,,
WA-C-BKK,,,
WA-C-BKK,,,
WA-C-BKF,,,
WA-C-BKF,,,
WA-C-BKCK,,,
WA-C-BKCK,,,
WA-BXMW-6T,,,
WA-BXMW-6T,,,
WA-BXMW-6Q,,,
WA-BXMW-6Q,,,
WA-BXMW-6K,,,
WA-BXMW-6K,,,
WA-BXMW-6F,,,
WA-BXMW-6F,,,
WA-BXMW-10T,,,
WA-BXMW-10Q,,,
WA-BXMW-10Q,,,
WA-BXMW-10K,,,
WA-BXMW-10K,,,
WA-BXMW-10F,,,
WA-BXMW-10F,,,
WA-BSP-6TXL,,,
WA-BSP-6TXL,,,
WA-BSP-6T,,,
WA-BSP-6T,,,
WA-BSP-6Q,,,
WA-BSP-6Q,,,
WA-BSP-6F,,,
WA-BSP-6F,,,
WA-BF-7TFQ,,,
WA-BF-7TFQ,,,
WA-BF-7FQK,,,
WA-BF-7FQK,,,
WA-BF75T,,,
WA-BF75T,,,
WA-BF75Q,,,
WA-BF75Q,,,
WA-BF75K,,,
WA-BF75K,,,
WA-BF75F,,,
WA-BF75F,,,
WA-BF75CK,,,
WA-BF75CK,,,
WA-BCMF-4TXL,,,
WA-BCMF-4TXL,,,
WA-BCMF-4T,,,
WA-BCMF-4T,,,
WA-BCMF-4SQ,,,
WA-BCMF-4SQ,,,
WA-BCMF-4Q,,,
WA-BCMF-4Q,,,
WA-BCMF-4K,,,
WA-BCMF-4K,,,
WA-BCMF-4F,,,
WA-BCMF-4F,,,
WA-BCMF-1.5TXL,,,
WA-BCMF-1.5TXL,,,
WA-BCMF-1.5T,,,
WA-BCMF-1.5SQ,,,
WA-BCMF-1.5Q,,,
WA-BCMF-1.5Q,,,
WA-BCMF-1.5F,,,
WA-BCMF-1.5F,,,
WA-BBPB-WHT,,,
WA-BBPB-WHT,,,
WA-BBPB-WHQ,,,
WA-BBPB-WHQ,,,
WA-BBPB-WHK,,,
WA-BBPB-WHK,,,
WA-BBPB-WHF,,,
WA-BBPB-WHF,,,
WA-BBPB-BKT,,,
WA-BBPB-BKT,,,
WA-BBPB-BKQ,,,
WA-BBPB-BKQ,,,
WA-BBPB-BKK,,,
WA-BBPB-BKK,,,
WA-BBPB-BKF,,,
WA-BBPB-BKF,,,
WA-ALEC-4TXL,,,
WA-ALEC-4TXL,,,
WA-ALEC-4T,,,
WA-ALEC-4T,,,
WA-ALEC-4SQ,,,
WA-ALEC-4SQ,,,
WA-ALEC-4Q,,,
WA-ALEC-4Q,,,
WA-ALEC-4K,,,
WA-ALEC-4K,,,
WA-ALEC-4F,,,
WA-ALEC-4F,,,
WA-ALEC-3TXL,,,
WA-ALEC-3TXL,,,
WA-ALEC-3T,,,
WA-ALEC-3T,,,
WA-ALEC-3SQ,,,
WA-ALEC-3SQ,,,
WA-ALEC-3Q,,,
WA-ALEC-3Q,,,
WA-ALEC-3K,,,
WA-ALEC-3K,,,
WA-ALEC-3F,,,
WA-ALEC-3F,,,
WA-ALEC-2TXL,,,
WA-ALEC-2TXL,,,
WA-ALEC-2T,,,
WA-ALEC-2T,,,
WA-ALEC-2SQ,,,
WA-ALEC-2SQ,,,
WA-ALEC-2Q,,,
WA-ALEC-2Q,,,
WA-ALEC-2K,,,
WA-ALEC-2K,,,
WA-ALEC-2F,,,
WA-ALEC-2F,,,
WA-ADB-500TXL,,,
WA-ADB-500TXL,,,
WA-ADB-500SPK,,,
WA-ADB-500SPK,,,
WA-ADB-500Q,,,
WA-ADB-500Q,,,
WA-ABS-9NV-T,,,
WA-ABS-9NV-T,,,
WA-ABS-9NV-Q,,,
WA-ABS-9NV-Q,,,
WA-ABS-9NV-K,,,
WA-ABS-9NV-K,,,
WA-ABS-9NV-F,,,
WA-ABS-9NV-F,,,
WA-ABS-9GR-T,,,
WA-ABS-9GR-T,,,
WA-ABS-9GR-Q,,,
WA-ABS-9GR-Q,,,
WA-ABS-9GR-K,,,
WA-ABS-9GR-K,,,
WA-ABS-9GR-F,,,
WA-ABS-9GR-F,,,
WA-ABS-7WH-TXL,,,
WA-ABS-7WH-TXL,,,
WA-ABS-7WH-T,,,
WA-ABS-7WH-T,,,
WA-ABS-7WH-Q,,,
WA-ABS-7WH-Q,,,
WA-ABS-7WH-K,,,
WA-ABS-7WH-K,,,
WA-ABS-7WH-F,,,
WA-ABS-7WH-F,,,
WA-ABS-7WH-CK,,,
WA-ABS-7WH-CK,,,
WA-ABS-5WH-TXL,,,
WA-ABS-5WH-TXL,,,
WA-ABS-5WH-T,,,
WA-ABS-5WH-T,,,
WA-ABS-5WH-Q,,,
WA-ABS-5WH-Q,,,
WA-ABS-5WH-K,,,
WA-ABS-5WH-K,,,
WA-ABS-5WH-F,,,
WA-ABS-5WH-F,,,
WA-ABS-5WH-CK,,,
WA-ABS-5WH-CK,,,
WA-5ZMF-GT4TXL,,,
WA-5ZMF-GT4TXL,,,
WA-5ZMF-GT4T,,,
WA-5ZMF-GT4T,,,
WA-5ZMF-GT4SQ,,,
WA-5ZMF-GT4SQ,,,
WA-5ZMF-GT4Q,,,
WA-5ZMF-GT4Q,,,
WA-5ZMF-GT4K,,,
WA-5ZMF-GT4K,,,
WA-5ZMF-GT4F,,,
WA-5ZMF-GT4F,,,
WA-5ZMF-GM4TXL,,,
WA-5ZMF-GM4TXL,,,
WA-5ZMF-GM4T,,,
WA-5ZMF-GM4T,,,
WA-5ZMF-GM4SQ,,,
WA-5ZMF-GM4SQ,,,
WA-5ZMF-GM4Q,,,
WA-5ZMF-GM4Q,,,
WA-5ZMF-GM4K,,,
WA-5ZMF-GM4K,,,
WA-5ZMF-GM4F,,,
WA-5ZMF-GM4F,,,
WA-5ZMF-C3T,,,
WA-5ZMF-C3T,,,
WA-5ZMF-C3Q,,,
WA-5ZMF-C3Q,,,
WA-5ZMF-C3K,,,
WA-5ZMF-C3K,,,
WA-5ZMF-C3F,,,
WA-5ZMF-C3F,,,
WA-5ZMF-BC3T,,,
WA-5ZMF-BC3T,,,
WA-5ZMF-BC3Q,,,
WA-5ZMF-BC3Q,,,
WA-5ZMF-BC3K,,,
WA-5ZMF-BC3K,,,
WA-5ZMF-BC3F,,,
WA-5ZMF-BC3F,,,
WA-5ZMF-3TL,,,
WA-5ZMF-3TL,,,
WA-5ZMF-3QL,,,
WA-5ZMF-3QL,,,
WA-5ZMF-3KL,,,
WA-5ZMF-3KL,,,
WA-5ZMF-3FL,,,
WA-5ZMF-3FL,,,
WA-5ZMF-15TXLA,,,
WA-5ZMF-15TXLA,,,
WA-5ZMF-15TA,,,
WA-5ZMF-15TA,,,
WA-5ZMF-15SQA,,,
WA-5ZMF-15SQA,,,
WA-5ZMF-15QA,,,
WA-5ZMF-15QA,,,
WA-5ZMF-15FA,,,
WA-5ZMF-15FA,,,
WA-4TM-XS,,,
WA-4TM-XS,,,
WA-4TM-TXL,,,
WA-4TM-TXL,,,
WA-4TM-T,,,
WA-4TM-T,,,
WA-4TM-SRQ,,,
WA-4TM-SRQ,,,
WA-4TM-Q,,,
WA-4TM-Q,,,
WA-4TM-K,,,
WA-4TM-K,,,
WA-4TM-F,,,
WA-4TM-F,,,
WA-4TM-CK,,,
WA-4TM-CK,,,
WA-4GTMTXL,,,
WA-4GTMTXL,,,
WA-4GTMSQ,,,
WA-4GTMSQ,,,
WA-4GTMQ,,,
WA-4GTMQ,,,
WA-4GTMF,,,
WA-4GTMF,,,
WA-14PS-GM-Q,,,
WA-14PS-GM-Q,,,
WA-14PS-GM-K,,,
WA-14PS-GM-K,,,
WA-14PS-GM-CK,,,
WA-14PS-GM-CK,,,
WA-12PS-GM-T,,,
WA-12PS-GM-T,,,
WA-12PS-GM-Q,,,
WA-12PS-GM-Q,,,
WA-12PS-GM-K,,,
WA-12PS-GM-K,,,
WA-12PS-GM-F,,,
WA-12PS-GM-F,,,
WA-12PS-GM-CK,,,
WA-12PS-GM-CK,,,
WA-10PS-GM-T,,,
WA-10PS-GM-T,,,
WA-10PS-GM-Q,,,
WA-10PS-GM-Q,,,
WA-10PS-GM-K,,,
WA-10PS-GM-K,,,
WA-10PS-GM-F,,,
WA-10PS-GM-F,,,
SPI-N-T,,,
SPI-N-T,,,
SPI-N-Q,,,
SPI-N-Q,,,
SPI-N-F,,,
SPI-N-F,,,
SPI-C-T,,,
SPI-C-T,,,
SPI-C-Q,,,
SPI-C-Q,,,
SPI-CHO-T,,,
SPI-CHO-T,,,
SPI-CHO-Q,,,
SPI-CHO-Q,,,
SPI-CHO-F,,,
SPI-CHO-F,,,
SPI-C-F,,,
SPI-C-F,,,
OLC-FMS-1200T,,,
OLC-FMS-1200T,,,
OLC-FMS-1200Q,,,
OLC-FMS-1200Q,,,
OLC-FMS-1200K,,,
OLC-FMS-1200K,,,
OLC-FMS-1200F,,,
OLC-FMS-1200F,,,
OLC-FMS-1200CK,,,
OLC-FMS-1200CK,,,
OLC-FMS-1000Q,,,
OLC-FMS-1000Q,,,
OLC-FMS-1000K,,,
OLC-FMS-1000K,,,
OLC-FMS -1000T,,,
OLC-FMS -1000T,,,
OLC-FMS -1000F,,,
OLC-FMS -1000F,,,
NSB-14T-FE,,,
NSB-14T-FE,,,
NSB-14Q-FE,,,
NSB-14Q-FE,,,
NSB-14F-FE,,,
NSB-14F-FE,,,
MSH-MF8-T,,,
MSH-MF8-T,,,
MSH-MF8-Q,,,
MSH-MF8-Q,,,
MSH-MF8-K,,,
MSH-MF8-K,,,
MSH-MF8-F,,,
MSH-MF8-F,,,
MSH-MF12-T,,,
MSH-MF12-T,,,
MSH-MF12-Q,,,
MSH-MF12-Q,,,
MSH-MF12-K,,,
MSH-MF12-K,,,
MSH-MF12-F,,,
MSH-MF12-F,,,
MSH-MF10-T,,,
MSH-MF10-T,,,
MSH-MF10-Q,,,
MSH-MF10-Q,,,
MSH-MF10-K,,,
MSH-MF10-K,,,
MSH-MF10-F,,,
MSH-MF10-F,,,
EB-FMS-0600Q,,,
EB-FMS-0600Q,,,
EB-FMS-0600F,,,
EB-FMS-0600F,,,
EB1FMS-0600T,,,
EB1FMS-0600T,,,
BPP-OT-45S-WH,,,
BPP-OT-45S-WH,,,
BPP-OT-45S-BL,,,
BPP-OT-45S-BL,,,
BPP-OT-45L-BR,,,
BPP-OT-45L-BR,,,
BPP-OT-45L-BL,,,
BPP-OT-45L-BL,,,
BPP-OT-45B-BR,,,
BPP-OT-45B-BR,,,
BPP-OT-45B-BL,,,
BPP-OT-45B-BL,,,
BPP-OT-30S-WH,,,
BPP-OT-30S-WH,,,
BPP-OT-30S-BL,,,
BPP-OT-30S-BL,,,
BPP-OT-30L-BR,,,
BPP-OT-30L-BR,,,
BPP-OT-30L-BL,,,
BPP-OT-30L-BL,,,
BPP-OT-30B-BR,,,
BPP-OT-30B-BR,,,
BPP-OT-30B-BL,,,
BPP-OT-30B-BL,,,
BPP-OT-15S-WH,,,
BPP-OT-15S-WH,,,
BPP-OT-15S-BL,,,
BPP-OT-15S-BL,,,
BPP-OT-15L-BR,,,
BPP-OT-15L-BR,,,
BPP-OT-15L-BL,,,
BPP-OT-15L-BL,,,
BPP-OT-15B-BR,,,
BPP-OT-15B-BR,,,
BPP-OT-15B-BL,,,
BPP-OT-15B-BL,,,
BPP-MFT-3TXL,,,
BPP-MFT-3TXL,,,
BPP-MFT-3T,,,
BPP-MFT-3T,,,
BPP-MFT-3SQ,,,
BPP-MFT-3SQ,,,
BPP-MFT-3Q,,,
BPP-MFT-3Q,,,
BPP-MFT-3K,,,
BPP-MFT-3K,,,
BPP-MFT-3F,,,
BPP-MFT-3F,,,
BPP-MFT-2T,,,
BPP-MFT-2T,,,
BPP-MFT-2Q,,,
BPP-MFT-2Q,,,
BPP-MFT-2K,,,
BPP-MFT-2K,,,
BPP-MFT-2F,,,
BPP-MFT-2F,,,
BPP-MFT-2.5TXL,,,
BPP-MFT-2.5TXL,,,
BPP-MFT-2.5T,,,
BPP-MFT-2.5T,,,
BPP-MFT-2.5SQ,,,
BPP-MFT-2.5SQ,,,
BPP-MFT-2.5Q,,,
BPP-MFT-2.5Q,,,
BPP-MFT-2.5K,,,
BPP-MFT-2.5K,,,
BPP-MFT-2.5F,,,
BPP-MFT-2.5F,,,
BPM-SPSC-14T,,,
BPM-SPSC-14T,,,
BPM-SPSC-14Q,,,
BPM-SPSC-14Q,,,
BPM-SPSC-14K,,,
BPM-SPSC-14K,,,
BPM-SPSC-14F,,,
BPM-SPSC-14F,,,
BPM-SB-14T-F,,,
BPM-SB-14T-F,,,
BPM-SB-14T,,,
BPM-SB-14T,,,
BPM-SB-14Q-F,,,
BPM-SB-14Q-F,,,
BPM-SB-14Q,,,
BPM-SB-14Q,,,
BPM-SB-14K-F,,,
BPM-SB-14K-F,,,
BPM-SB-14K,,,
BPM-SB-14K,,,
BPM-SB-14F-F,,,
BPM-SB-14F-F,,,
BPM-SB-14F,,,
BPM-SB-14F,,,
BPM-SB-14CK-F,,,
BPM-SB-14CK-F,,,
BPM-SB-14CK,,,
BPM-SB-14CK,,,
BPM-NSB-14T-ST,,,
BPM-NSB-14T-ST,,,
BPM-NSB-14T-FE,,,
BPM-NSB-14T-FE,,,
BPM-NSB-14Q-ST,,,
BPM-NSB-14Q-ST,,,
BPM-NSB-14Q-FE,,,
BPM-NSB-14Q-FE,,,
BPM-NSB-14K-ST,,,
BPM-NSB-14K-ST,,,
BPM-NSB-14K-FE,,,
BPM-NSB-14K-FE,,,
BPM-NSB-14F-ST,,,
BPM-NSB-14F-ST,,,
BPM-NSB-14F-FE,,,
BPM-NSB-14F-FE,,,
BPM-NSB-14CK-ST,,,
BPM-NSB-14CK-ST,,,
BPM-NSB-14CK-FE,,,
BPM-NSB-14CK-FE,,,
BPM-MFT-4TXL,,,
BPM-MFT-4TXL,,,
BPM-MFT-4T,,,
BPM-MFT-4T,,,
BPM-MFT-4SRQ,,,
BPM-MFT-4SRQ,,,
BPM-MFT-4Q,,,
BPM-MFT-4Q,,,
BPM-MFT-4K,,,
BPM-MFT-4K,,,
BPM-MFT-4F,,,
BPM-MFT-4F,,,
BPM-MFT-4CK,,,
BPM-MFT-4CK,,,
BPM-GM-9Q,,,
BPM-GM-9Q,,,
BPM-GM-7T,,,
BPM-GM-7T,,,
BPM-GM-7Q,,,
BPM-GM-7Q,,,
BPM-GM-7F,,,
BPM-GM-7F,,,
BPM-FMS-8TXL,,,
BPM-FMS-8TXL,,,
BPM-FMS-8T+BPM-SB-14T,,,
BPM-FMS-8T+BPM-SB-14T,,,
BPM-FMS-8T,,,
BPM-FMS-8T,,,
BPM-FMS-8Q+BPM-SB-14Q,,,
BPM-FMS-8Q+BPM-SB-14Q,,,
BPM-FMS-8Q,,,
BPM-FMS-8Q,,,
BPM-FMS-8K+BPM-SB-14K,,,
BPM-FMS-8K+BPM-SB-14K,,,
BPM-FMS-8K,,,
BPM-FMS-8K,,,
BPM-FMS-8F+BPM-SB-14F,,,
BPM-FMS-8F+BPM-SB-14F,,,
BPM-FMS-8F,,,
BPM-FMS-8F,,,
BPM-FBS-7.5T,,,
BPM-FBS-7.5Q,,,
BPM-FBS-7.5K,,,
BPM-FBS-7.5F,,,
BPM-4TM,,,
BPM-4TM,,,
